path,category,width,height,size_kb,mode,has_alpha,grade,action,used_by,reference_count,scene_or_ui,visible_w,visible_h,target_w,target_h,target_size_kb,bundle,atlas_group,source_frame_w,source_frame_h,frame_w,frame_h,frame_count,layout,display_mode,has_text,text_type,text_language,text_action,text_note,status,note
backgrounds/bg_combat_abyss.png,backgrounds,750,500,323.7,RGBA,True,A,compress_review,scene_battle,0,dungeon,750,500,1000,666,166,bundle_bg_abyss,,750,500,750,500,1,single,room_banner,suspected,signage,unknown,review,背景招牌/海报需人工确认,pending,必选压缩: JPG/WebP优先; 母版保留到art_source; 运行时>500KB退回; >1MB禁入resources
backgrounds/bg_combat_catacombs.png,backgrounds,750,500,318.0,RGBA,True,A,compress_review,scene_battle,0,dungeon,750,500,1000,666,166,bundle_bg_catacombs,,750,500,750,500,1,single,room_banner,suspected,signage,unknown,review,背景招牌/海报需人工确认,pending,必选压缩: JPG/WebP优先; 母版保留到art_source; 运行时>500KB退回; >1MB禁入resources
backgrounds/bg_combat_forest.png,backgrounds,750,500,203.8,RGBA,True,A,compress_review,scene_battle,0,dungeon,750,500,1000,666,166,bundle_bg_forest,,750,500,750,500,1,single,room_banner,suspected,signage,unknown,review,背景招牌/海报需人工确认,pending,必选压缩: JPG/WebP优先; 母版保留到art_source; 运行时>500KB退回; >1MB禁入resources
backgrounds/bg_combat_swamp.png,backgrounds,750,500,272.0,RGBA,True,A,compress_review,scene_battle,0,dungeon,750,500,1000,666,166,bundle_bg_swamp,,750,500,750,500,1,single,room_banner,suspected,signage,unknown,review,背景招牌/海报需人工确认,pending,必选压缩: JPG/WebP优先; 母版保留到art_source; 运行时>500KB退回; >1MB禁入resources
backgrounds/bg_combat_tundra.png,backgrounds,750,500,247.8,RGBA,True,A,compress_review,scene_battle,0,dungeon,750,500,1000,666,166,bundle_bg_tundra,,750,500,750,500,1,single,room_banner,suspected,signage,unknown,review,背景招牌/海报需人工确认,pending,必选压缩: JPG/WebP优先; 母版保留到art_source; 运行时>500KB退回; >1MB禁入resources
backgrounds/bg_combat_volcano.png,backgrounds,750,500,278.1,RGBA,True,A,compress_review,scene_battle,0,dungeon,750,500,1000,666,166,bundle_bg_volcano,,750,500,750,500,1,single,room_banner,suspected,signage,unknown,review,背景招牌/海报需人工确认,pending,必选压缩: JPG/WebP优先; 母版保留到art_source; 运行时>500KB退回; >1MB禁入resources
backgrounds/bg_event_abyss.png,backgrounds,750,500,321.2,RGBA,True,A,compress_review,scene_battle,0,dungeon,750,500,1000,666,166,bundle_bg_abyss,,750,500,750,500,1,single,room_banner,suspected,signage,unknown,review,背景招牌/海报需人工确认,pending,必选压缩: JPG/WebP优先; 母版保留到art_source; 运行时>500KB退回; >1MB禁入resources
backgrounds/bg_event_catacombs.png,backgrounds,750,500,286.4,RGBA,True,A,compress_review,scene_battle,0,dungeon,750,500,1000,666,166,bundle_bg_catacombs,,750,500,750,500,1,single,room_banner,suspected,signage,unknown,review,背景招牌/海报需人工确认,pending,必选压缩: JPG/WebP优先; 母版保留到art_source; 运行时>500KB退回; >1MB禁入resources
backgrounds/bg_event_forest.png,backgrounds,750,500,231.5,RGBA,True,A,compress_review,scene_battle,0,dungeon,750,500,1000,666,166,bundle_bg_forest,,750,500,750,500,1,single,room_banner,suspected,signage,unknown,review,背景招牌/海报需人工确认,pending,必选压缩: JPG/WebP优先; 母版保留到art_source; 运行时>500KB退回; >1MB禁入resources
backgrounds/bg_event_swamp.png,backgrounds,750,500,262.8,RGBA,True,A,compress_review,scene_battle,0,dungeon,750,500,1000,666,166,bundle_bg_swamp,,750,500,750,500,1,single,room_banner,suspected,signage,unknown,review,背景招牌/海报需人工确认,pending,必选压缩: JPG/WebP优先; 母版保留到art_source; 运行时>500KB退回; >1MB禁入resources
backgrounds/bg_event_tundra.png,backgrounds,750,500,348.2,RGBA,True,A,compress_review,scene_battle,0,dungeon,750,500,1000,666,166,bundle_bg_tundra,,750,500,750,500,1,single,room_banner,suspected,signage,unknown,review,背景招牌/海报需人工确认,pending,必选压缩: JPG/WebP优先; 母版保留到art_source; 运行时>500KB退回; >1MB禁入resources
backgrounds/bg_event_volcano.png,backgrounds,750,500,199.5,RGBA,True,A,compress_review,scene_battle,0,dungeon,750,500,1000,666,166,bundle_bg_volcano,,750,500,750,500,1,single,room_banner,suspected,signage,unknown,review,背景招牌/海报需人工确认,pending,必选压缩: JPG/WebP优先; 母版保留到art_source; 运行时>500KB退回; >1MB禁入resources
backgrounds/bg_room_healing.png,backgrounds,750,500,186.2,RGBA,True,A,compress_review,scene_battle,0,dungeon,750,500,1000,666,166,bundle_bg_common,,750,500,750,500,1,single,room_banner,suspected,signage,unknown,review,背景招牌/海报需人工确认,pending,必选压缩: JPG/WebP优先; 母版保留到art_source; 运行时>500KB退回; >1MB禁入resources
backgrounds/bg_room_rest.png,backgrounds,750,500,176.0,RGBA,True,A,compress_review,scene_battle,0,dungeon,750,500,1000,666,166,bundle_bg_common,,750,500,750,500,1,single,room_banner,suspected,signage,unknown,review,背景招牌/海报需人工确认,pending,必选压缩: JPG/WebP优先; 母版保留到art_source; 运行时>500KB退回; >1MB禁入resources
backgrounds/bg_room_shop.png,backgrounds,750,500,210.5,RGBA,True,A,compress_review,scene_battle,0,dungeon,750,500,1000,666,166,bundle_bg_common,,750,500,750,500,1,single,room_banner,suspected,signage,unknown,review,背景招牌/海报需人工确认,pending,必选压缩: JPG/WebP优先; 母版保留到art_source; 运行时>500KB退回; >1MB禁入resources
backgrounds/bg_room_treasure.png,backgrounds,750,500,251.3,RGBA,True,A,compress_review,scene_battle,0,dungeon,750,500,1000,666,166,bundle_bg_common,,750,500,750,500,1,single,room_banner,suspected,signage,unknown,review,背景招牌/海报需人工确认,pending,必选压缩: JPG/WebP优先; 母版保留到art_source; 运行时>500KB退回; >1MB禁入resources
backgrounds/bg_room_upgrade.png,backgrounds,750,500,252.4,RGBA,True,A,compress_review,scene_battle,0,dungeon,750,500,1000,666,166,bundle_bg_common,,750,500,750,500,1,single,room_banner,suspected,signage,unknown,review,背景招牌/海报需人工确认,pending,必选压缩: JPG/WebP优先; 母版保留到art_source; 运行时>500KB退回; >1MB禁入resources
bosses/finalboss/boss_abyssoverlord_attack.png,bosses,256,256,60.8,RGBA,True,S,replace,battle/dungeon,0,dungeon,256,256,256,256,32,bundle_boss_abyss,,256,256,256,256,1,single,other,false,none,none,none,,pending,
bosses/finalboss/boss_abyssoverlord_death.png,bosses,96,96,0.9,RGBA,True,A,defer,battle/dungeon,0,dungeon,256,96,96,96,30,bundle_boss_abyss,,96,96,96,96,1,single,other,false,none,none,none,,pending,
bosses/finalboss/boss_abyssoverlord_idle.png,bosses,256,256,63.4,RGBA,True,S,replace,battle/dungeon,0,dungeon,256,256,256,256,32,bundle_boss_abyss,,256,256,256,256,1,single,other,false,none,none,none,,pending,
bosses/finalboss/boss_abyssoverlord_phasechange.png,bosses,96,96,0.7,RGBA,True,A,defer,battle/dungeon,0,dungeon,256,96,96,96,30,bundle_boss_abyss,,96,96,96,96,1,single,other,false,none,none,none,,pending,
bosses/finalboss/boss_abyssoverlord_skill.png,bosses,256,256,54.4,RGBA,True,S,replace,battle/dungeon,0,dungeon,256,256,256,256,32,bundle_boss_abyss,,256,256,256,256,1,single,other,false,none,none,none,,pending,
bosses/finalboss/boss_beast_swamp_attack.png,bosses,256,256,69.4,RGBA,True,S,replace,battle/dungeon,0,dungeon,256,256,256,256,32,bundle_boss_swamp,,256,256,256,256,1,single,other,false,none,none,none,,pending,
bosses/finalboss/boss_beast_swamp_death.png,bosses,96,96,0.7,RGBA,True,A,defer,battle/dungeon,0,dungeon,256,96,96,96,30,bundle_boss_swamp,,96,96,96,96,1,single,other,false,none,none,none,,pending,
bosses/finalboss/boss_beast_swamp_idle.png,bosses,256,256,64.0,RGBA,True,S,replace,battle/dungeon,0,dungeon,256,256,256,256,32,bundle_boss_swamp,,256,256,256,256,1,single,other,false,none,none,none,,pending,
bosses/finalboss/boss_beast_swamp_phasechange.png,bosses,96,96,2.0,RGBA,True,A,defer,battle/dungeon,0,dungeon,256,96,96,96,30,bundle_boss_swamp,,96,96,96,96,1,single,other,false,none,none,none,,pending,
bosses/finalboss/boss_beast_swamp_skill.png,bosses,256,256,64.5,RGBA,True,S,replace,battle/dungeon,0,dungeon,256,256,256,256,32,bundle_boss_swamp,,256,256,256,256,1,single,other,false,none,none,none,,pending,
bosses/finalboss/boss_firelord_attack.png,bosses,256,256,62.8,RGBA,True,S,replace,battle/dungeon,0,dungeon,256,256,256,256,32,bundle_boss_volcano,,256,256,256,256,1,single,other,false,none,none,none,,pending,
bosses/finalboss/boss_firelord_death.png,bosses,96,96,0.9,RGBA,True,A,defer,battle/dungeon,0,dungeon,256,96,96,96,30,bundle_boss_volcano,,96,96,96,96,1,single,other,false,none,none,none,,pending,
bosses/finalboss/boss_firelord_idle.png,bosses,256,256,69.0,RGBA,True,S,replace,battle/dungeon,0,dungeon,256,256,256,256,32,bundle_boss_volcano,,256,256,256,256,1,single,other,false,none,none,none,,pending,
bosses/finalboss/boss_firelord_phasechange.png,bosses,96,96,0.7,RGBA,True,A,defer,battle/dungeon,0,dungeon,256,96,96,96,30,bundle_boss_volcano,,96,96,96,96,1,single,other,false,none,none,none,,pending,
bosses/finalboss/boss_firelord_skill.png,bosses,256,256,63.8,RGBA,True,S,replace,battle/dungeon,0,dungeon,256,256,256,256,32,bundle_boss_volcano,,256,256,256,256,1,single,other,false,none,none,none,,pending,
bosses/finalboss/boss_forestguardian_attack.png,bosses,256,256,56.1,RGBA,True,S,replace,battle/dungeon,0,dungeon,256,256,256,256,32,bundle_boss_forest,,256,256,256,256,1,single,other,false,none,none,none,,pending,
bosses/finalboss/boss_forestguardian_death.png,bosses,96,96,0.9,RGBA,True,A,defer,battle/dungeon,0,dungeon,256,96,96,96,30,bundle_boss_forest,,96,96,96,96,1,single,other,false,none,none,none,,pending,
bosses/finalboss/boss_forestguardian_idle.png,bosses,256,256,61.4,RGBA,True,S,replace,battle/dungeon,0,dungeon,256,256,256,256,32,bundle_boss_forest,,256,256,256,256,1,single,other,false,none,none,none,,pending,
bosses/finalboss/boss_forestguardian_phasechange.png,bosses,96,96,0.7,RGBA,True,A,defer,battle/dungeon,0,dungeon,256,96,96,96,30,bundle_boss_forest,,96,96,96,96,1,single,other,false,none,none,none,,pending,
bosses/finalboss/boss_forestguardian_skill.png,bosses,256,256,54.9,RGBA,True,S,replace,battle/dungeon,0,dungeon,256,256,256,256,32,bundle_boss_forest,,256,256,256,256,1,single,other,false,none,none,none,,pending,
bosses/finalboss/boss_frostqueen_attack.png,bosses,256,256,57.3,RGBA,True,S,replace,battle/dungeon,0,dungeon,256,256,256,256,32,bundle_boss_tundra,,256,256,256,256,1,single,other,false,none,none,none,,pending,
bosses/finalboss/boss_frostqueen_death.png,bosses,96,96,0.9,RGBA,True,A,defer,battle/dungeon,0,dungeon,256,96,96,96,30,bundle_boss_tundra,,96,96,96,96,1,single,other,false,none,none,none,,pending,
bosses/finalboss/boss_frostqueen_idle.png,bosses,256,256,62.9,RGBA,True,S,replace,battle/dungeon,0,dungeon,256,256,256,256,32,bundle_boss_tundra,,256,256,256,256,1,single,other,false,none,none,none,,pending,
bosses/finalboss/boss_frostqueen_phasechange.png,bosses,96,96,0.7,RGBA,True,A,defer,battle/dungeon,0,dungeon,256,96,96,96,30,bundle_boss_tundra,,96,96,96,96,1,single,other,false,none,none,none,,pending,
bosses/finalboss/boss_frostqueen_skill.png,bosses,256,256,59.3,RGBA,True,S,replace,battle/dungeon,0,dungeon,256,256,256,256,32,bundle_boss_tundra,,256,256,256,256,1,single,other,false,none,none,none,,pending,
bosses/finalboss/boss_guardian_forest_attack.png,bosses,256,256,56.7,RGBA,True,S,replace,battle/dungeon,0,dungeon,256,256,256,256,32,bundle_boss_forest,,256,256,256,256,1,single,other,false,none,none,none,,pending,
bosses/finalboss/boss_guardian_forest_death.png,bosses,96,96,0.7,RGBA,True,A,defer,battle/dungeon,0,dungeon,256,96,96,96,30,bundle_boss_forest,,96,96,96,96,1,single,other,false,none,none,none,,pending,
bosses/finalboss/boss_guardian_forest_idle.png,bosses,256,256,56.7,RGBA,True,S,replace,battle/dungeon,0,dungeon,256,256,256,256,32,bundle_boss_forest,,256,256,256,256,1,single,other,false,none,none,none,,pending,
bosses/finalboss/boss_guardian_forest_phasechange.png,bosses,96,96,2.0,RGBA,True,A,defer,battle/dungeon,0,dungeon,256,96,96,96,30,bundle_boss_forest,,96,96,96,96,1,single,other,false,none,none,none,,pending,
bosses/finalboss/boss_guardian_forest_skill.png,bosses,256,256,45.9,RGBA,True,S,replace,battle/dungeon,0,dungeon,256,256,256,256,32,bundle_boss_forest,,256,256,256,256,1,single,other,false,none,none,none,,pending,
bosses/finalboss/boss_lord_abyss_attack.png,bosses,256,256,53.1,RGBA,True,S,replace,battle/dungeon,0,dungeon,256,256,256,256,32,bundle_boss_abyss,,256,256,256,256,1,single,other,false,none,none,none,,pending,
bosses/finalboss/boss_lord_abyss_death.png,bosses,96,96,0.7,RGBA,True,A,defer,battle/dungeon,0,dungeon,256,96,96,96,30,bundle_boss_abyss,,96,96,96,96,1,single,other,false,none,none,none,,pending,
bosses/finalboss/boss_lord_abyss_idle.png,bosses,256,256,59.6,RGBA,True,S,replace,battle/dungeon,0,dungeon,256,256,256,256,32,bundle_boss_abyss,,256,256,256,256,1,single,other,false,none,none,none,,pending,
bosses/finalboss/boss_lord_abyss_phasechange.png,bosses,96,96,2.0,RGBA,True,A,defer,battle/dungeon,0,dungeon,256,96,96,96,30,bundle_boss_abyss,,96,96,96,96,1,single,other,false,none,none,none,,pending,
bosses/finalboss/boss_lord_abyss_skill.png,bosses,256,256,55.3,RGBA,True,S,replace,battle/dungeon,0,dungeon,256,256,256,256,32,bundle_boss_abyss,,256,256,256,256,1,single,other,false,none,none,none,,pending,
bosses/finalboss/boss_lord_catacombs_attack.png,bosses,256,256,49.2,RGBA,True,S,replace,battle/dungeon,0,dungeon,256,256,256,256,32,bundle_boss_catacombs,,256,256,256,256,1,single,other,false,none,none,none,,pending,
bosses/finalboss/boss_lord_catacombs_death.png,bosses,96,96,0.7,RGBA,True,A,defer,battle/dungeon,0,dungeon,256,96,96,96,30,bundle_boss_catacombs,,96,96,96,96,1,single,other,false,none,none,none,,pending,
bosses/finalboss/boss_lord_catacombs_idle.png,bosses,256,256,66.0,RGBA,True,S,replace,battle/dungeon,0,dungeon,256,256,256,256,32,bundle_boss_catacombs,,256,256,256,256,1,single,other,false,none,none,none,,pending,
bosses/finalboss/boss_lord_catacombs_phasechange.png,bosses,96,96,2.0,RGBA,True,A,defer,battle/dungeon,0,dungeon,256,96,96,96,30,bundle_boss_catacombs,,96,96,96,96,1,single,other,false,none,none,none,,pending,
bosses/finalboss/boss_lord_catacombs_skill.png,bosses,256,256,64.3,RGBA,True,S,replace,battle/dungeon,0,dungeon,256,256,256,256,32,bundle_boss_catacombs,,256,256,256,256,1,single,other,false,none,none,none,,pending,
bosses/finalboss/boss_lord_volcano_attack.png,bosses,256,256,57.5,RGBA,True,S,replace,battle/dungeon,0,dungeon,256,256,256,256,32,bundle_boss_volcano,,256,256,256,256,1,single,other,false,none,none,none,,pending,
bosses/finalboss/boss_lord_volcano_death.png,bosses,96,96,0.7,RGBA,True,A,defer,battle/dungeon,0,dungeon,256,96,96,96,30,bundle_boss_volcano,,96,96,96,96,1,single,other,false,none,none,none,,pending,
bosses/finalboss/boss_lord_volcano_idle.png,bosses,256,256,58.9,RGBA,True,S,replace,battle/dungeon,0,dungeon,256,256,256,256,32,bundle_boss_volcano,,256,256,256,256,1,single,other,false,none,none,none,,pending,
bosses/finalboss/boss_lord_volcano_phasechange.png,bosses,96,96,2.0,RGBA,True,A,defer,battle/dungeon,0,dungeon,256,96,96,96,30,bundle_boss_volcano,,96,96,96,96,1,single,other,false,none,none,none,,pending,
bosses/finalboss/boss_lord_volcano_skill.png,bosses,256,256,62.7,RGBA,True,S,replace,battle/dungeon,0,dungeon,256,256,256,256,32,bundle_boss_volcano,,256,256,256,256,1,single,other,false,none,none,none,,pending,
bosses/finalboss/boss_queen_tundra_attack.png,bosses,256,256,65.7,RGBA,True,S,replace,battle/dungeon,0,dungeon,256,256,256,256,32,bundle_boss_tundra,,256,256,256,256,1,single,other,false,none,none,none,,pending,
bosses/finalboss/boss_queen_tundra_death.png,bosses,96,96,0.6,RGBA,True,A,defer,battle/dungeon,0,dungeon,256,96,96,96,30,bundle_boss_tundra,,96,96,96,96,1,single,other,false,none,none,none,,pending,
bosses/finalboss/boss_queen_tundra_idle.png,bosses,256,256,63.1,RGBA,True,S,replace,battle/dungeon,0,dungeon,256,256,256,256,32,bundle_boss_tundra,,256,256,256,256,1,single,other,false,none,none,none,,pending,
bosses/finalboss/boss_queen_tundra_phasechange.png,bosses,96,96,1.9,RGBA,True,A,defer,battle/dungeon,0,dungeon,256,96,96,96,30,bundle_boss_tundra,,96,96,96,96,1,single,other,false,none,none,none,,pending,
bosses/finalboss/boss_queen_tundra_skill.png,bosses,256,256,62.2,RGBA,True,S,replace,battle/dungeon,0,dungeon,256,256,256,256,32,bundle_boss_tundra,,256,256,256,256,1,single,other,false,none,none,none,,pending,
bosses/finalboss/boss_skeletonlord_attack.png,bosses,256,256,60.6,RGBA,True,S,replace,battle/dungeon,0,dungeon,256,256,256,256,32,bundle_boss_catacombs,,256,256,256,256,1,single,other,false,none,none,none,,pending,
bosses/finalboss/boss_skeletonlord_death.png,bosses,96,96,0.9,RGBA,True,A,defer,battle/dungeon,0,dungeon,256,96,96,96,30,bundle_boss_catacombs,,96,96,96,96,1,single,other,false,none,none,none,,pending,
bosses/finalboss/boss_skeletonlord_idle.png,bosses,256,256,61.4,RGBA,True,S,replace,battle/dungeon,0,dungeon,256,256,256,256,32,bundle_boss_catacombs,,256,256,256,256,1,single,other,false,none,none,none,,pending,
bosses/finalboss/boss_skeletonlord_phasechange.png,bosses,96,96,0.7,RGBA,True,A,defer,battle/dungeon,0,dungeon,256,96,96,96,30,bundle_boss_catacombs,,96,96,96,96,1,single,other,false,none,none,none,,pending,
bosses/finalboss/boss_skeletonlord_skill.png,bosses,256,256,57.9,RGBA,True,S,replace,battle/dungeon,0,dungeon,256,256,256,256,32,bundle_boss_catacombs,,256,256,256,256,1,single,other,false,none,none,none,,pending,
bosses/finalboss/boss_swampbehemoth_attack.png,bosses,256,256,63.8,RGBA,True,S,replace,battle/dungeon,0,dungeon,256,256,256,256,32,bundle_boss_swamp,,256,256,256,256,1,single,other,false,none,none,none,,pending,
bosses/finalboss/boss_swampbehemoth_death.png,bosses,96,96,0.9,RGBA,True,A,defer,battle/dungeon,0,dungeon,256,96,96,96,30,bundle_boss_swamp,,96,96,96,96,1,single,other,false,none,none,none,,pending,
bosses/finalboss/boss_swampbehemoth_idle.png,bosses,256,256,63.7,RGBA,True,S,replace,battle/dungeon,0,dungeon,256,256,256,256,32,bundle_boss_swamp,,256,256,256,256,1,single,other,false,none,none,none,,pending,
bosses/finalboss/boss_swampbehemoth_phasechange.png,bosses,96,96,0.7,RGBA,True,A,defer,battle/dungeon,0,dungeon,256,96,96,96,30,bundle_boss_swamp,,96,96,96,96,1,single,other,false,none,none,none,,pending,
bosses/finalboss/boss_swampbehemoth_skill.png,bosses,256,256,65.9,RGBA,True,S,replace,battle/dungeon,0,dungeon,256,256,256,256,32,bundle_boss_swamp,,256,256,256,256,1,single,other,false,none,none,none,,pending,
bosses/finalboss/abyss/boss_abyssoverlord_attack.png,bosses,256,1024,187.2,RGBA,True,S,replace,battle/dungeon,0,dungeon,256,1024,256,256,32,bundle_boss_abyss,,256,1024,256,1024,1,single,other,false,none,none,none,,pending,
bosses/finalboss/abyss/boss_abyssoverlord_death.png,bosses,64,256,24.5,RGBA,True,A,defer,battle/dungeon,0,dungeon,256,256,64,256,30,bundle_boss_abyss,,64,64,64,64,4,vertical,other,false,none,none,none,,pending,
bosses/finalboss/abyss/boss_abyssoverlord_idle.png,bosses,256,1024,214.4,RGBA,True,S,replace,battle/dungeon,0,dungeon,256,1024,256,256,32,bundle_boss_abyss,,256,1024,256,1024,1,single,other,false,none,none,none,,pending,
bosses/finalboss/abyss/boss_abyssoverlord_phasechange.png,bosses,64,320,25.8,RGBA,True,A,defer,battle/dungeon,0,dungeon,256,320,64,256,30,bundle_boss_abyss,,64,64,64,64,5,vertical,other,false,none,none,none,,pending,
bosses/finalboss/abyss/boss_abyssoverlord_skill.png,bosses,256,1536,192.1,RGBA,True,S,replace,battle/dungeon,0,dungeon,256,1536,256,256,32,bundle_boss_abyss,,256,1536,256,1536,1,single,other,false,none,none,none,,pending,
bosses/finalboss/catacombs/boss_skeletonlord_attack.png,bosses,256,1024,206.4,RGBA,True,S,replace,battle/dungeon,0,dungeon,256,1024,256,256,32,bundle_boss_catacombs,,256,1024,256,1024,1,single,other,false,none,none,none,,pending,
bosses/finalboss/catacombs/boss_skeletonlord_death.png,bosses,64,256,21.2,RGBA,True,A,defer,battle/dungeon,0,dungeon,256,256,64,256,30,bundle_boss_catacombs,,64,64,64,64,4,vertical,other,false,none,none,none,,pending,
bosses/finalboss/catacombs/boss_skeletonlord_idle.png,bosses,256,1024,172.4,RGBA,True,S,replace,battle/dungeon,0,dungeon,256,1024,256,256,32,bundle_boss_catacombs,,256,1024,256,1024,1,single,other,false,none,none,none,,pending,
bosses/finalboss/catacombs/boss_skeletonlord_phasechange.png,bosses,64,320,26.4,RGBA,True,A,defer,battle/dungeon,0,dungeon,256,320,64,256,30,bundle_boss_catacombs,,64,64,64,64,5,vertical,other,false,none,none,none,,pending,
bosses/finalboss/catacombs/boss_skeletonlord_skill.png,bosses,256,1536,209.8,RGBA,True,S,replace,battle/dungeon,0,dungeon,256,1536,256,256,32,bundle_boss_catacombs,,256,1536,256,1536,1,single,other,false,none,none,none,,pending,
bosses/finalboss/forest/boss_forestguardian_attack.png,bosses,256,1024,198.3,RGBA,True,S,replace,battle/dungeon,0,dungeon,256,1024,256,256,32,bundle_boss_forest,,256,1024,256,1024,1,single,other,false,none,none,none,,pending,
bosses/finalboss/forest/boss_forestguardian_death.png,bosses,64,256,23.4,RGBA,True,A,defer,battle/dungeon,0,dungeon,256,256,64,256,30,bundle_boss_forest,,64,64,64,64,4,vertical,other,false,none,none,none,,pending,
bosses/finalboss/forest/boss_forestguardian_idle.png,bosses,256,1024,189.9,RGBA,True,S,replace,battle/dungeon,0,dungeon,256,1024,256,256,32,bundle_boss_forest,,256,1024,256,1024,1,single,other,false,none,none,none,,pending,
bosses/finalboss/forest/boss_forestguardian_phasechange.png,bosses,64,320,28.6,RGBA,True,A,defer,battle/dungeon,0,dungeon,256,320,64,256,30,bundle_boss_forest,,64,64,64,64,5,vertical,other,false,none,none,none,,pending,
bosses/finalboss/forest/boss_forestguardian_skill.png,bosses,256,1536,200.9,RGBA,True,S,replace,battle/dungeon,0,dungeon,256,1536,256,256,32,bundle_boss_forest,,256,1536,256,1536,1,single,other,false,none,none,none,,pending,
bosses/finalboss/swamp/boss_swampbehemoth_attack.png,bosses,256,1024,201.5,RGBA,True,S,replace,battle/dungeon,0,dungeon,256,1024,256,256,32,bundle_boss_swamp,,256,1024,256,1024,1,single,other,false,none,none,none,,pending,
bosses/finalboss/swamp/boss_swampbehemoth_death.png,bosses,64,256,22.2,RGBA,True,A,defer,battle/dungeon,0,dungeon,256,256,64,256,30,bundle_boss_swamp,,64,64,64,64,4,vertical,other,false,none,none,none,,pending,
bosses/finalboss/swamp/boss_swampbehemoth_idle.png,bosses,256,1024,172.3,RGBA,True,S,replace,battle/dungeon,0,dungeon,256,1024,256,256,32,bundle_boss_swamp,,256,1024,256,1024,1,single,other,false,none,none,none,,pending,
bosses/finalboss/swamp/boss_swampbehemoth_phasechange.png,bosses,64,320,23.2,RGBA,True,A,defer,battle/dungeon,0,dungeon,256,320,64,256,30,bundle_boss_swamp,,64,64,64,64,5,vertical,other,false,none,none,none,,pending,
bosses/finalboss/swamp/boss_swampbehemoth_skill.png,bosses,256,1536,188.9,RGBA,True,S,replace,battle/dungeon,0,dungeon,256,1536,256,256,32,bundle_boss_swamp,,256,1536,256,1536,1,single,other,false,none,none,none,,pending,
bosses/finalboss/tundra/boss_frostqueen_attack.png,bosses,256,1024,163.5,RGBA,True,S,replace,battle/dungeon,0,dungeon,256,1024,256,256,32,bundle_boss_tundra,,256,1024,256,1024,1,single,other,false,none,none,none,,pending,
bosses/finalboss/tundra/boss_frostqueen_death.png,bosses,64,256,22.2,RGBA,True,A,defer,battle/dungeon,0,dungeon,256,256,64,256,30,bundle_boss_tundra,,64,64,64,64,4,vertical,other,false,none,none,none,,pending,
bosses/finalboss/tundra/boss_frostqueen_idle.png,bosses,256,1024,178.1,RGBA,True,S,replace,battle/dungeon,0,dungeon,256,1024,256,256,32,bundle_boss_tundra,,256,1024,256,1024,1,single,other,false,none,none,none,,pending,
bosses/finalboss/tundra/boss_frostqueen_phasechange.png,bosses,64,320,25.1,RGBA,True,A,defer,battle/dungeon,0,dungeon,256,320,64,256,30,bundle_boss_tundra,,64,64,64,64,5,vertical,other,false,none,none,none,,pending,
bosses/finalboss/tundra/boss_frostqueen_skill.png,bosses,256,1536,193.5,RGBA,True,S,replace,battle/dungeon,0,dungeon,256,1536,256,256,32,bundle_boss_tundra,,256,1536,256,1536,1,single,other,false,none,none,none,,pending,
bosses/finalboss/volcano/boss_firelord_attack.png,bosses,256,1024,169.0,RGBA,True,S,replace,battle/dungeon,0,dungeon,256,1024,256,256,32,bundle_boss_volcano,,256,1024,256,1024,1,single,other,false,none,none,none,,pending,
bosses/finalboss/volcano/boss_firelord_death.png,bosses,64,256,20.6,RGBA,True,A,defer,battle/dungeon,0,dungeon,256,256,64,256,30,bundle_boss_volcano,,64,64,64,64,4,vertical,other,false,none,none,none,,pending,
bosses/finalboss/volcano/boss_firelord_idle.png,bosses,256,1024,185.4,RGBA,True,S,replace,battle/dungeon,0,dungeon,256,1024,256,256,32,bundle_boss_volcano,,256,1024,256,1024,1,single,other,false,none,none,none,,pending,
bosses/finalboss/volcano/boss_firelord_phasechange.png,bosses,64,320,26.6,RGBA,True,A,defer,battle/dungeon,0,dungeon,256,320,64,256,30,bundle_boss_volcano,,64,64,64,64,5,vertical,other,false,none,none,none,,pending,
bosses/finalboss/volcano/boss_firelord_skill.png,bosses,256,1536,221.2,RGBA,True,S,replace,battle/dungeon,0,dungeon,256,1536,256,256,32,bundle_boss_volcano,,256,1536,256,1536,1,single,other,false,none,none,none,,pending,
bosses/miniboss/abyss/miniboss_abysssentinel_idle.png,bosses,192,192,34.0,RGBA,True,S,replace,battle/dungeon,0,dungeon,192,192,192,192,30,bundle_boss_abyss,,192,192,192,192,1,single,other,false,none,none,none,,pending,
bosses/miniboss/abyss/miniboss_nightmareknight_idle.png,bosses,192,192,39.0,RGBA,True,S,replace,battle/dungeon,0,dungeon,192,192,192,192,30,bundle_boss_abyss,,192,192,192,192,1,single,other,false,none,none,none,,pending,
bosses/miniboss/abyss/miniboss_shadowdragon_idle.png,bosses,192,192,41.2,RGBA,True,S,replace,battle/dungeon,0,dungeon,192,192,192,192,30,bundle_boss_abyss,,192,192,192,192,1,single,other,false,none,none,none,,pending,
bosses/miniboss/abyss/miniboss_voidhunter_idle.png,bosses,192,192,39.9,RGBA,True,S,replace,battle/dungeon,0,dungeon,192,192,192,192,30,bundle_boss_abyss,,192,192,192,192,1,single,other,false,none,none,none,,pending,
bosses/miniboss/abyss/miniboss_voidlord_idle.png,bosses,192,192,37.2,RGBA,True,S,replace,battle/dungeon,0,dungeon,192,192,192,192,30,bundle_boss_abyss,,192,192,192,192,1,single,other,false,none,none,none,,pending,
bosses/miniboss/catacombs/miniboss_blackknight_idle.png,bosses,192,192,37.9,RGBA,True,S,replace,battle/dungeon,0,dungeon,192,192,192,192,30,bundle_boss_catacombs,,192,192,192,192,1,single,other,false,none,none,none,,pending,
bosses/miniboss/catacombs/miniboss_gargoyle_idle.png,bosses,192,192,38.6,RGBA,True,S,replace,battle/dungeon,0,dungeon,192,192,192,192,30,bundle_boss_catacombs,,192,192,192,192,1,single,other,false,none,none,none,,pending,
bosses/miniboss/catacombs/miniboss_giantskeleton_idle.png,bosses,192,192,38.3,RGBA,True,S,replace,battle/dungeon,0,dungeon,192,192,192,192,30,bundle_boss_catacombs,,192,192,192,192,1,single,other,false,none,none,none,,pending,
bosses/miniboss/catacombs/miniboss_lich_idle.png,bosses,192,192,37.7,RGBA,True,S,replace,battle/dungeon,0,dungeon,192,192,192,192,30,bundle_boss_catacombs,,192,192,192,192,1,single,other,false,none,none,none,,pending,
bosses/miniboss/catacombs/miniboss_warden_catacombs_idle.png,bosses,192,192,38.4,RGBA,True,S,replace,battle/dungeon,0,dungeon,192,192,192,192,30,bundle_boss_catacombs,,192,192,192,192,1,single,other,false,none,none,none,,pending,
bosses/miniboss/forest/miniboss_boarchief_idle.png,bosses,192,192,36.7,RGBA,True,S,replace,battle/dungeon,0,dungeon,192,192,192,192,30,bundle_boss_forest,,192,192,192,192,1,single,other,false,none,none,none,,pending,
bosses/miniboss/forest/miniboss_poisonflower_idle.png,bosses,192,192,33.8,RGBA,True,S,replace,battle/dungeon,0,dungeon,192,192,192,192,30,bundle_boss_forest,,192,192,192,192,1,single,other,false,none,none,none,,pending,
bosses/miniboss/forest/miniboss_porcupineking_idle.png,bosses,192,192,35.2,RGBA,True,S,replace,battle/dungeon,0,dungeon,192,192,192,192,30,bundle_boss_forest,,192,192,192,192,1,single,other,false,none,none,none,,pending,
bosses/miniboss/forest/miniboss_stagbeetle_idle.png,bosses,192,192,40.8,RGBA,True,S,replace,battle/dungeon,0,dungeon,192,192,192,192,30,bundle_boss_forest,,192,192,192,192,1,single,other,false,none,none,none,,pending,
bosses/miniboss/forest/miniboss_warden_forest_idle.png,bosses,192,192,44.7,RGBA,True,S,replace,battle/dungeon,0,dungeon,192,192,192,192,30,bundle_boss_forest,,192,192,192,192,1,single,other,false,none,none,none,,pending,
bosses/miniboss/swamp/miniboss_poisonscorpion_idle.png,bosses,192,192,40.8,RGBA,True,S,replace,battle/dungeon,0,dungeon,192,192,192,192,30,bundle_boss_swamp,,192,192,192,192,1,single,other,false,none,none,none,,pending,
bosses/miniboss/swamp/miniboss_rottreantelite_idle.png,bosses,192,192,34.0,RGBA,True,S,replace,battle/dungeon,0,dungeon,192,192,192,192,30,bundle_boss_swamp,,192,192,192,192,1,single,other,false,none,none,none,,pending,
bosses/miniboss/swamp/miniboss_serpentqueen_idle.png,bosses,192,192,32.8,RGBA,True,S,replace,battle/dungeon,0,dungeon,192,192,192,192,30,bundle_boss_swamp,,192,192,192,192,1,single,other,false,none,none,none,,pending,
bosses/miniboss/swamp/miniboss_swampcrocodile_idle.png,bosses,192,192,38.4,RGBA,True,S,replace,battle/dungeon,0,dungeon,192,192,192,192,30,bundle_boss_swamp,,192,192,192,192,1,single,other,false,none,none,none,,pending,
bosses/miniboss/swamp/miniboss_swampfrog_idle.png,bosses,192,192,35.9,RGBA,True,S,replace,battle/dungeon,0,dungeon,192,192,192,192,30,bundle_boss_swamp,,192,192,192,192,1,single,other,false,none,none,none,,pending,
bosses/miniboss/tundra/miniboss_frostelemental_idle.png,bosses,192,192,39.9,RGBA,True,S,replace,battle/dungeon,0,dungeon,192,192,192,192,30,bundle_boss_tundra,,192,192,192,192,1,single,other,false,none,none,none,,pending,
bosses/miniboss/tundra/miniboss_icegiant_idle.png,bosses,192,192,38.8,RGBA,True,S,replace,battle/dungeon,0,dungeon,192,192,192,192,30,bundle_boss_tundra,,192,192,192,192,1,single,other,false,none,none,none,,pending,
bosses/miniboss/tundra/miniboss_icescorpion_idle.png,bosses,192,192,36.4,RGBA,True,S,replace,battle/dungeon,0,dungeon,192,192,192,192,30,bundle_boss_tundra,,192,192,192,192,1,single,other,false,none,none,none,,pending,
bosses/miniboss/tundra/miniboss_polarbearking_idle.png,bosses,192,192,38.5,RGBA,True,S,replace,battle/dungeon,0,dungeon,192,192,192,192,30,bundle_boss_tundra,,192,192,192,192,1,single,other,false,none,none,none,,pending,
bosses/miniboss/tundra/miniboss_snowape_idle.png,bosses,192,192,39.2,RGBA,True,S,replace,battle/dungeon,0,dungeon,192,192,192,192,30,bundle_boss_tundra,,192,192,192,192,1,single,other,false,none,none,none,,pending,
bosses/miniboss/volcano/miniboss_firegolem_idle.png,bosses,192,192,36.0,RGBA,True,S,replace,battle/dungeon,0,dungeon,192,192,192,192,30,bundle_boss_volcano,,192,192,192,192,1,single,other,false,none,none,none,,pending,
bosses/miniboss/volcano/miniboss_inferno_idle.png,bosses,192,192,37.1,RGBA,True,S,replace,battle/dungeon,0,dungeon,192,192,192,192,30,bundle_boss_volcano,,192,192,192,192,1,single,other,false,none,none,none,,pending,
bosses/miniboss/volcano/miniboss_lavaworm_idle.png,bosses,192,192,36.6,RGBA,True,S,replace,battle/dungeon,0,dungeon,192,192,192,192,30,bundle_boss_volcano,,192,192,192,192,1,single,other,false,none,none,none,,pending,
bosses/miniboss/volcano/miniboss_volcanogiant_idle.png,bosses,192,192,41.6,RGBA,True,S,replace,battle/dungeon,0,dungeon,192,192,192,192,30,bundle_boss_volcano,,192,192,192,192,1,single,other,false,none,none,none,,pending,
bosses/miniboss/volcano/miniboss_warden_volcano_idle.png,bosses,192,192,37.5,RGBA,True,S,replace,battle/dungeon,0,dungeon,192,192,192,192,30,bundle_boss_volcano,,192,192,192,192,1,single,other,false,none,none,none,,pending,
characters/archer/archer_attack.png,characters,192,1024,168.3,RGBA,True,S,replace,battle/dungeon,0,dungeon,128,1024,192,4096,120,bundle_core_battle,,192,1024,192,1024,1,single,other,false,none,none,none,,pending,
characters/archer/archer_death.png,characters,192,1024,192.8,RGBA,True,S,replace,battle/dungeon,0,dungeon,128,1024,192,4096,120,bundle_core_battle,,192,1024,192,1024,1,single,other,false,none,none,none,,pending,
characters/archer/archer_dodge.png,characters,192,1024,174.2,RGBA,True,S,replace,battle/dungeon,0,dungeon,128,1024,192,4096,120,bundle_core_battle,,192,1024,192,1024,1,single,other,false,none,none,none,,pending,
characters/archer/archer_hit.png,characters,192,512,86.5,RGBA,True,S,replace,battle/dungeon,0,dungeon,128,512,192,2048,120,bundle_core_battle,,192,512,192,512,1,single,other,false,none,none,none,,pending,
characters/archer/archer_idle.png,characters,192,1024,156.2,RGBA,True,S,replace,battle/dungeon,0,dungeon,128,1024,192,4096,120,bundle_core_battle,,192,1024,192,1024,1,single,other,false,none,none,none,,pending,
characters/archer/archer_skill.png,characters,192,1536,167.3,RGBA,True,S,replace,battle/dungeon,0,dungeon,128,1536,192,6144,120,bundle_core_battle,,192,1536,192,1536,1,single,other,false,none,none,none,,pending,
characters/archer/archer_walk.png,characters,192,1536,171.7,RGBA,True,S,replace,battle/dungeon,0,dungeon,128,1536,192,6144,120,bundle_core_battle,,192,1536,192,1536,1,single,other,false,none,none,none,,pending,
characters/assassin/assassin_attack.png,characters,192,1024,182.7,RGBA,True,S,replace,battle/dungeon,0,dungeon,128,1024,192,4096,120,bundle_core_battle,,192,1024,192,1024,1,single,other,false,none,none,none,,pending,
characters/assassin/assassin_death.png,characters,192,1024,175.9,RGBA,True,S,replace,battle/dungeon,0,dungeon,128,1024,192,4096,120,bundle_core_battle,,192,1024,192,1024,1,single,other,false,none,none,none,,pending,
characters/assassin/assassin_dodge.png,characters,192,1024,158.2,RGBA,True,S,replace,battle/dungeon,0,dungeon,128,1024,192,4096,120,bundle_core_battle,,192,1024,192,1024,1,single,other,false,none,none,none,,pending,
characters/assassin/assassin_hit.png,characters,192,512,103.9,RGBA,True,S,replace,battle/dungeon,0,dungeon,128,512,192,2048,120,bundle_core_battle,,192,512,192,512,1,single,other,false,none,none,none,,pending,
characters/assassin/assassin_idle.png,characters,192,1024,184.6,RGBA,True,S,replace,battle/dungeon,0,dungeon,128,1024,192,4096,120,bundle_core_battle,,192,1024,192,1024,1,single,other,false,none,none,none,,pending,
characters/assassin/assassin_skill.png,characters,192,1536,186.3,RGBA,True,S,replace,battle/dungeon,0,dungeon,128,1536,192,6144,120,bundle_core_battle,,192,1536,192,1536,1,single,other,false,none,none,none,,pending,
characters/assassin/assassin_walk.png,characters,192,1536,201.6,RGBA,True,S,replace,battle/dungeon,0,dungeon,128,1536,192,6144,120,bundle_core_battle,,192,1536,192,1536,1,single,other,false,none,none,none,,pending,
characters/berserker/berserker_attack.png,characters,192,1024,177.4,RGBA,True,S,replace,battle/dungeon,0,dungeon,128,1024,192,4096,120,bundle_core_battle,,192,1024,192,1024,1,single,other,false,none,none,none,,pending,
characters/berserker/berserker_death.png,characters,192,1024,187.8,RGBA,True,S,replace,battle/dungeon,0,dungeon,128,1024,192,4096,120,bundle_core_battle,,192,1024,192,1024,1,single,other,false,none,none,none,,pending,
characters/berserker/berserker_dodge.png,characters,192,1024,180.4,RGBA,True,S,replace,battle/dungeon,0,dungeon,128,1024,192,4096,120,bundle_core_battle,,192,1024,192,1024,1,single,other,false,none,none,none,,pending,
characters/berserker/berserker_hit.png,characters,192,512,101.5,RGBA,True,S,replace,battle/dungeon,0,dungeon,128,512,192,2048,120,bundle_core_battle,,192,512,192,512,1,single,other,false,none,none,none,,pending,
characters/berserker/berserker_idle.png,characters,192,1024,166.1,RGBA,True,S,replace,battle/dungeon,0,dungeon,128,1024,192,4096,120,bundle_core_battle,,192,1024,192,1024,1,single,other,false,none,none,none,,pending,
characters/berserker/berserker_skill.png,characters,192,1536,190.1,RGBA,True,S,replace,battle/dungeon,0,dungeon,128,1536,192,6144,120,bundle_core_battle,,192,1536,192,1536,1,single,other,false,none,none,none,,pending,
characters/berserker/berserker_walk.png,characters,192,1536,175.9,RGBA,True,S,replace,battle/dungeon,0,dungeon,128,1536,192,6144,120,bundle_core_battle,,192,1536,192,1536,1,single,other,false,none,none,none,,pending,
characters/mage/mage_attack.png,characters,192,1024,166.9,RGBA,True,S,replace,battle/dungeon,0,dungeon,128,1024,192,4096,120,bundle_core_battle,,192,1024,192,1024,1,single,other,false,none,none,none,,pending,
characters/mage/mage_death.png,characters,192,1024,164.6,RGBA,True,S,replace,battle/dungeon,0,dungeon,128,1024,192,4096,120,bundle_core_battle,,192,1024,192,1024,1,single,other,false,none,none,none,,pending,
characters/mage/mage_dodge.png,characters,192,1024,153.9,RGBA,True,S,replace,battle/dungeon,0,dungeon,128,1024,192,4096,120,bundle_core_battle,,192,1024,192,1024,1,single,other,false,none,none,none,,pending,
characters/mage/mage_hit.png,characters,192,512,86.7,RGBA,True,S,replace,battle/dungeon,0,dungeon,128,512,192,2048,120,bundle_core_battle,,192,512,192,512,1,single,other,false,none,none,none,,pending,
characters/mage/mage_idle.png,characters,192,1024,172.0,RGBA,True,S,replace,battle/dungeon,0,dungeon,128,1024,192,4096,120,bundle_core_battle,,192,1024,192,1024,1,single,other,false,none,none,none,,pending,
characters/mage/mage_skill.png,characters,192,1536,190.2,RGBA,True,S,replace,battle/dungeon,0,dungeon,128,1536,192,6144,120,bundle_core_battle,,192,1536,192,1536,1,single,other,false,none,none,none,,pending,
characters/mage/mage_walk.png,characters,192,1536,180.0,RGBA,True,S,replace,battle/dungeon,0,dungeon,128,1536,192,6144,120,bundle_core_battle,,192,1536,192,1536,1,single,other,false,none,none,none,,pending,
characters/warrior/warrior_attack.png,characters,192,1024,162.4,RGBA,True,S,replace,battle/dungeon,0,dungeon,128,1024,192,4096,120,bundle_core_battle,,192,1024,192,1024,1,single,other,false,none,none,none,,pending,
characters/warrior/warrior_death.png,characters,192,1024,193.9,RGBA,True,S,replace,battle/dungeon,0,dungeon,128,1024,192,4096,120,bundle_core_battle,,192,1024,192,1024,1,single,other,false,none,none,none,,pending,
characters/warrior/warrior_dodge.png,characters,192,1024,181.3,RGBA,True,S,replace,battle/dungeon,0,dungeon,128,1024,192,4096,120,bundle_core_battle,,192,1024,192,1024,1,single,other,false,none,none,none,,pending,
characters/warrior/warrior_hit.png,characters,192,512,103.5,RGBA,True,S,replace,battle/dungeon,0,dungeon,128,512,192,2048,120,bundle_core_battle,,192,512,192,512,1,single,other,false,none,none,none,,pending,
characters/warrior/warrior_idle.png,characters,192,1024,175.7,RGBA,True,S,replace,battle/dungeon,0,dungeon,128,1024,192,4096,120,bundle_core_battle,,192,1024,192,1024,1,single,other,false,none,none,none,,pending,
characters/warrior/warrior_skill.png,characters,192,1536,173.2,RGBA,True,S,replace,battle/dungeon,0,dungeon,128,1536,192,6144,120,bundle_core_battle,,192,1536,192,1536,1,single,other,false,none,none,none,,pending,
characters/warrior/warrior_walk.png,characters,192,1536,183.2,RGBA,True,S,replace,battle/dungeon,0,dungeon,128,1536,192,6144,120,bundle_core_battle,,192,1536,192,1536,1,single,other,false,none,none,none,,pending,
effects/combat/fx_crit.png,effects,64,384,26.6,RGBA,True,B,replace,scene_all,0,all,160,384,192,1152,40,bundle_effects,,64,48,64,48,8,vertical,other,false,none,none,none,,pending,
effects/combat/fx_dash.png,effects,48,192,13.1,RGBA,True,B,replace,scene_all,0,all,120,192,192,768,40,bundle_effects,,48,64,48,64,3,vertical,other,false,none,none,none,,pending,
effects/combat/fx_dodge.png,effects,32,128,7.2,RGBA,True,B,defer,scene_all,0,all,80,128,192,768,40,bundle_effects,,32,64,32,64,2,vertical,other,false,none,none,none,,pending,
effects/combat/fx_heal.png,effects,80,480,31.2,RGBA,True,B,replace,scene_all,0,all,200,480,192,1152,40,bundle_effects,,80,48,80,48,10,vertical,other,false,none,none,none,,pending,
effects/combat/fx_hit_normal.png,effects,48,192,12.9,RGBA,True,B,replace,scene_all,0,all,120,192,192,768,40,bundle_effects,,48,64,48,64,3,vertical,other,false,none,none,none,,pending,
effects/combat/fx_shield.png,effects,64,384,26.4,RGBA,True,B,replace,scene_all,0,all,160,384,192,1152,40,bundle_effects,,64,48,64,48,8,vertical,other,false,none,none,none,,pending,
effects/reactions/fx_reaction_burn.png,effects,64,256,17.2,RGBA,True,B,defer,scene_all,0,all,160,256,192,768,40,bundle_effects,,64,256,64,256,1,single,other,false,none,none,none,,pending,
effects/reactions/fx_reaction_conduct.png,effects,64,256,18.1,RGBA,True,B,defer,scene_all,0,all,160,256,192,768,40,bundle_effects,,64,256,64,256,1,single,other,false,none,none,none,,pending,
effects/reactions/fx_reaction_corrode.png,effects,64,256,17.0,RGBA,True,B,defer,scene_all,0,all,160,256,192,768,40,bundle_effects,,64,256,64,256,1,single,other,false,none,none,none,,pending,
effects/reactions/fx_reaction_decay.png,effects,64,256,19.0,RGBA,True,B,defer,scene_all,0,all,160,256,192,768,40,bundle_effects,,64,256,64,256,1,single,other,false,none,none,none,,pending,
effects/reactions/fx_reaction_freeze.png,effects,64,256,17.9,RGBA,True,B,defer,scene_all,0,all,160,256,192,768,40,bundle_effects,,64,256,64,256,1,single,other,false,none,none,none,,pending,
effects/reactions/fx_reaction_melt.png,effects,64,256,16.4,RGBA,True,B,defer,scene_all,0,all,160,256,192,768,40,bundle_effects,,64,256,64,256,1,single,other,false,none,none,none,,pending,
effects/reactions/fx_reaction_overload.png,effects,64,256,19.1,RGBA,True,B,defer,scene_all,0,all,160,256,192,768,40,bundle_effects,,64,256,64,256,1,single,other,false,none,none,none,,pending,
effects/reactions/fx_reaction_radiance.png,effects,64,256,17.1,RGBA,True,B,defer,scene_all,0,all,160,256,192,768,40,bundle_effects,,64,256,64,256,1,single,other,false,none,none,none,,pending,
effects/reactions/fx_reaction_shatter.png,effects,64,256,18.5,RGBA,True,B,defer,scene_all,0,all,160,256,192,768,40,bundle_effects,,64,256,64,256,1,single,other,false,none,none,none,,pending,
effects/reactions/fx_reaction_vaporize.png,effects,64,256,18.1,RGBA,True,B,defer,scene_all,0,all,160,256,192,768,40,bundle_effects,,64,256,64,256,1,single,other,false,none,none,none,,pending,
effects/reactions/fx_reaction_void.png,effects,64,256,18.9,RGBA,True,B,defer,scene_all,0,all,160,256,192,768,40,bundle_effects,,64,256,64,256,1,single,other,false,none,none,none,,pending,
effects/relics/fx_relic_blink_stone.png,effects,64,256,20.9,RGBA,True,B,defer,scene_all,0,all,160,256,192,768,40,bundle_effects,,64,256,64,256,1,single,other,false,none,none,none,,pending,
effects/relics/fx_relic_decoy_scroll.png,effects,64,256,18.6,RGBA,True,B,defer,scene_all,0,all,160,256,192,768,40,bundle_effects,,64,256,64,256,1,single,other,false,none,none,none,,pending,
effects/relics/fx_relic_flame_ring.png,effects,64,256,16.2,RGBA,True,B,defer,scene_all,0,all,160,256,192,768,40,bundle_effects,,64,256,64,256,1,single,other,false,none,none,none,,pending,
effects/relics/fx_relic_frost_amulet.png,effects,64,256,18.8,RGBA,True,B,defer,scene_all,0,all,160,256,192,768,40,bundle_effects,,64,256,64,256,1,single,other,false,none,none,none,,pending,
effects/relics/fx_relic_gravity_stone.png,effects,64,256,20.0,RGBA,True,B,defer,scene_all,0,all,160,256,192,768,40,bundle_effects,,64,256,64,256,1,single,other,false,none,none,none,,pending,
effects/relics/fx_relic_life_link.png,effects,64,256,19.2,RGBA,True,B,defer,scene_all,0,all,160,256,192,768,40,bundle_effects,,64,256,64,256,1,single,other,false,none,none,none,,pending,
effects/relics/fx_relic_shadow_dagger.png,effects,64,256,19.1,RGBA,True,B,defer,scene_all,0,all,160,256,192,768,40,bundle_effects,,64,256,64,256,1,single,other,false,none,none,none,,pending,
effects/relics/fx_relic_time_hourglass.png,effects,64,256,17.9,RGBA,True,B,defer,scene_all,0,all,160,256,192,768,40,bundle_effects,,64,256,64,256,1,single,other,false,none,none,none,,pending,
effects/ui/fx_ui_glow.png,effects,64,192,14.9,RGBA,True,B,defer,scene_all,0,all,160,192,192,576,40,bundle_effects,,64,48,64,48,4,vertical,other,false,none,none,none,,pending,
effects/ui/fx_ui_loading.png,effects,64,192,15.4,RGBA,True,B,defer,scene_all,0,all,160,192,192,576,40,bundle_effects,,64,48,64,48,4,vertical,other,false,none,none,none,,pending,
icons/buffs/icon_buff_atkup.png,icons,48,48,3.9,RGBA,True,A,replace,ui_all,0,all,48,48,128,128,8,bundle_ui,atlas_icons_common,48,48,48,48,1,single,ui_icon,suspected,unknown,unknown,review,需人工确认是否有文字,pending,
icons/buffs/icon_buff_defup.png,icons,48,48,4.2,RGBA,True,A,replace,ui_all,0,all,48,48,128,128,8,bundle_ui,atlas_icons_common,48,48,48,48,1,single,ui_icon,suspected,unknown,unknown,review,需人工确认是否有文字,pending,
icons/buffs/icon_buff_shield.png,icons,48,48,4.2,RGBA,True,A,replace,ui_all,0,all,48,48,128,128,8,bundle_ui,atlas_icons_common,48,48,48,48,1,single,ui_icon,suspected,unknown,unknown,review,需人工确认是否有文字,pending,
icons/buffs/icon_buff_speedup.png,icons,48,48,3.7,RGBA,True,A,replace,ui_all,0,all,48,48,128,128,8,bundle_ui,atlas_icons_common,48,48,48,48,1,single,ui_icon,suspected,unknown,unknown,review,需人工确认是否有文字,pending,
icons/buffs/icon_buff_stealth.png,icons,48,48,3.9,RGBA,True,A,replace,ui_all,0,all,48,48,128,128,8,bundle_ui,atlas_icons_common,48,48,48,48,1,single,ui_icon,suspected,unknown,unknown,review,需人工确认是否有文字,pending,
icons/buffs/icon_debuff_burn.png,icons,48,48,4.7,RGBA,True,A,replace,ui_all,0,all,48,48,128,128,8,bundle_ui,atlas_icons_common,48,48,48,48,1,single,ui_icon,suspected,unknown,unknown,review,需人工确认是否有文字,pending,
icons/buffs/icon_debuff_freeze.png,icons,48,48,4.9,RGBA,True,A,replace,ui_all,0,all,48,48,128,128,8,bundle_ui,atlas_icons_common,48,48,48,48,1,single,ui_icon,suspected,unknown,unknown,review,需人工确认是否有文字,pending,
icons/buffs/icon_debuff_poison.png,icons,48,48,4.0,RGBA,True,A,replace,ui_all,0,all,48,48,128,128,8,bundle_ui,atlas_icons_common,48,48,48,48,1,single,ui_icon,suspected,unknown,unknown,review,需人工确认是否有文字,pending,
icons/buffs/icon_debuff_slow.png,icons,48,48,3.9,RGBA,True,A,replace,ui_all,0,all,48,48,128,128,8,bundle_ui,atlas_icons_common,48,48,48,48,1,single,ui_icon,suspected,unknown,unknown,review,需人工确认是否有文字,pending,
icons/buffs/icon_debuff_stun.png,icons,48,48,4.4,RGBA,True,A,replace,ui_all,0,all,48,48,128,128,8,bundle_ui,atlas_icons_common,48,48,48,48,1,single,ui_icon,suspected,unknown,unknown,review,需人工确认是否有文字,pending,
icons/elements/icon_element_fire.png,icons,48,48,4.0,RGBA,True,A,replace,ui_all,0,all,48,48,128,128,8,bundle_ui,atlas_icons_common,48,48,48,48,1,single,ui_icon,suspected,unknown,unknown,review,需人工确认是否有文字,pending,
icons/elements/icon_element_frost.png,icons,48,48,4.9,RGBA,True,A,replace,ui_all,0,all,48,48,128,128,8,bundle_ui,atlas_icons_common,48,48,48,48,1,single,ui_icon,suspected,unknown,unknown,review,需人工确认是否有文字,pending,
icons/elements/icon_element_holy.png,icons,48,48,4.2,RGBA,True,A,replace,ui_all,0,all,48,48,128,128,8,bundle_ui,atlas_icons_common,48,48,48,48,1,single,ui_icon,suspected,unknown,unknown,review,需人工确认是否有文字,pending,
icons/elements/icon_element_lightning.png,icons,48,48,4.6,RGBA,True,A,replace,ui_all,0,all,48,48,128,128,8,bundle_ui,atlas_icons_common,48,48,48,48,1,single,ui_icon,suspected,unknown,unknown,review,需人工确认是否有文字,pending,
icons/elements/icon_element_poison.png,icons,48,48,3.7,RGBA,True,A,replace,ui_all,0,all,48,48,128,128,8,bundle_ui,atlas_icons_common,48,48,48,48,1,single,ui_icon,suspected,unknown,unknown,review,需人工确认是否有文字,pending,
icons/elements/icon_element_shadow.png,icons,48,48,4.1,RGBA,True,A,replace,ui_all,0,all,48,48,128,128,8,bundle_ui,atlas_icons_common,48,48,48,48,1,single,ui_icon,suspected,unknown,unknown,review,需人工确认是否有文字,pending,
icons/items/icon_item_advancedkey.png,icons,48,48,3.1,RGBA,True,A,replace,ui_all,0,all,48,48,128,128,8,bundle_ui,atlas_icons_common,48,48,48,48,1,single,ui_icon,suspected,unknown,unknown,review,需人工确认是否有文字,pending,
icons/items/icon_item_bighealingpotion.png,icons,48,48,3.8,RGBA,True,A,replace,ui_all,0,all,48,48,128,128,8,bundle_ui,atlas_icons_common,48,48,48,48,1,single,ui_icon,suspected,unknown,unknown,review,需人工确认是否有文字,pending,
icons/items/icon_item_flamebomb.png,icons,48,48,4.2,RGBA,True,A,replace,ui_all,0,all,48,48,128,128,8,bundle_ui,atlas_icons_common,48,48,48,48,1,single,ui_icon,suspected,unknown,unknown,review,需人工确认是否有文字,pending,
icons/items/icon_item_furypotion.png,icons,48,48,4.3,RGBA,True,A,replace,ui_all,0,all,48,48,128,128,8,bundle_ui,atlas_icons_common,48,48,48,48,1,single,ui_icon,suspected,unknown,unknown,review,需人工确认是否有文字,pending,
icons/items/icon_item_healingpotion.png,icons,48,48,3.8,RGBA,True,A,replace,ui_all,0,all,48,48,128,128,8,bundle_ui,atlas_icons_common,48,48,48,48,1,single,ui_icon,suspected,unknown,unknown,review,需人工确认是否有文字,pending,
icons/items/icon_item_icebomb.png,icons,48,48,4.1,RGBA,True,A,replace,ui_all,0,all,48,48,128,128,8,bundle_ui,atlas_icons_common,48,48,48,48,1,single,ui_icon,suspected,unknown,unknown,review,需人工确认是否有文字,pending,
icons/items/icon_item_ironpotion.png,icons,48,48,3.3,RGBA,True,A,replace,ui_all,0,all,48,48,128,128,8,bundle_ui,atlas_icons_common,48,48,48,48,1,single,ui_icon,suspected,unknown,unknown,review,需人工确认是否有文字,pending,
icons/items/icon_item_key.png,icons,48,48,4.8,RGBA,True,A,replace,ui_all,0,all,48,48,128,128,8,bundle_ui,atlas_icons_common,48,48,48,48,1,single,ui_icon,suspected,unknown,unknown,review,需人工确认是否有文字,pending,
icons/items/icon_item_mapscroll.png,icons,48,48,3.5,RGBA,True,A,replace,ui_all,0,all,48,48,128,128,8,bundle_ui,atlas_icons_common,48,48,48,48,1,single,ui_icon,suspected,unknown,unknown,review,需人工确认是否有文字,pending,
icons/items/icon_item_purifypotion.png,icons,48,48,4.3,RGBA,True,A,replace,ui_all,0,all,48,48,128,128,8,bundle_ui,atlas_icons_common,48,48,48,48,1,single,ui_icon,suspected,unknown,unknown,review,需人工确认是否有文字,pending,
icons/items/icon_item_rerollscroll.png,icons,48,48,4.6,RGBA,True,A,replace,ui_all,0,all,48,48,128,128,8,bundle_ui,atlas_icons_common,48,48,48,48,1,single,ui_icon,suspected,unknown,unknown,review,需人工确认是否有文字,pending,
icons/items/icon_item_revivecoin.png,icons,48,48,4.2,RGBA,True,A,replace,ui_all,0,all,48,48,128,128,8,bundle_ui,atlas_icons_common,48,48,48,48,1,single,ui_icon,suspected,unknown,unknown,review,需人工确认是否有文字,pending,
icons/items/icon_item_scrollfire.png,icons,48,48,4.9,RGBA,True,A,replace,ui_all,0,all,48,48,128,128,8,bundle_ui,atlas_icons_common,48,48,48,48,1,single,ui_icon,suspected,unknown,unknown,review,需人工确认是否有文字,pending,
icons/items/icon_item_scrollholy.png,icons,48,48,4.2,RGBA,True,A,replace,ui_all,0,all,48,48,128,128,8,bundle_ui,atlas_icons_common,48,48,48,48,1,single,ui_icon,suspected,unknown,unknown,review,需人工确认是否有文字,pending,
icons/items/icon_item_scrollice.png,icons,48,48,4.5,RGBA,True,A,replace,ui_all,0,all,48,48,128,128,8,bundle_ui,atlas_icons_common,48,48,48,48,1,single,ui_icon,suspected,unknown,unknown,review,需人工确认是否有文字,pending,
icons/items/icon_item_scrollpoison.png,icons,48,48,3.8,RGBA,True,A,replace,ui_all,0,all,48,48,128,128,8,bundle_ui,atlas_icons_common,48,48,48,48,1,single,ui_icon,suspected,unknown,unknown,review,需人工确认是否有文字,pending,
icons/items/icon_item_scrollshadow.png,icons,48,48,3.8,RGBA,True,A,replace,ui_all,0,all,48,48,128,128,8,bundle_ui,atlas_icons_common,48,48,48,48,1,single,ui_icon,suspected,unknown,unknown,review,需人工确认是否有文字,pending,
icons/items/icon_item_scrollthunder.png,icons,48,48,4.1,RGBA,True,A,replace,ui_all,0,all,48,48,128,128,8,bundle_ui,atlas_icons_common,48,48,48,48,1,single,ui_icon,suspected,unknown,unknown,review,需人工确认是否有文字,pending,
icons/items/icon_item_speedpotion.png,icons,48,48,3.4,RGBA,True,A,replace,ui_all,0,all,48,48,128,128,8,bundle_ui,atlas_icons_common,48,48,48,48,1,single,ui_icon,suspected,unknown,unknown,review,需人工确认是否有文字,pending,
icons/items/item_healthPotion.png,icons,48,48,0.3,RGBA,True,A,replace,ui_all,0,all,48,48,128,128,8,bundle_ui,atlas_icons_common,48,48,48,48,1,single,ui_icon,suspected,unknown,unknown,review,需人工确认是否有文字,pending,
icons/items/item_key.png,icons,48,48,0.3,RGBA,True,A,replace,ui_all,0,all,48,48,128,128,8,bundle_ui,atlas_icons_common,48,48,48,48,1,single,ui_icon,suspected,unknown,unknown,review,需人工确认是否有文字,pending,
icons/items/item_largeHealthPotion.png,icons,48,48,0.3,RGBA,True,A,replace,ui_all,0,all,48,48,128,128,8,bundle_ui,atlas_icons_common,48,48,48,48,1,single,ui_icon,suspected,unknown,unknown,review,需人工确认是否有文字,pending,
icons/items/item_map.png,icons,48,48,0.3,RGBA,True,A,replace,ui_all,0,all,48,48,128,128,8,bundle_ui,atlas_icons_common,48,48,48,48,1,single,ui_icon,suspected,unknown,unknown,review,需人工确认是否有文字,pending,
icons/relics/icon_relic_blinkstone.png,icons,64,64,9.2,RGBA,True,A,merge_atlas,ui_all,0,all,48,64,128,128,8,bundle_ui,atlas_icons_common,64,64,64,64,1,single,ui_icon,suspected,unknown,unknown,review,需人工确认是否有文字,pending,
icons/relics/icon_relic_decoyscroll.png,icons,64,64,10.2,RGBA,True,A,merge_atlas,ui_all,0,all,48,64,128,128,8,bundle_ui,atlas_icons_common,64,64,64,64,1,single,ui_icon,suspected,unknown,unknown,review,需人工确认是否有文字,pending,
icons/relics/icon_relic_echoorb.png,icons,64,64,8.5,RGBA,True,A,merge_atlas,ui_all,0,all,48,64,128,128,8,bundle_ui,atlas_icons_common,64,64,64,64,1,single,ui_icon,suspected,unknown,unknown,review,需人工确认是否有文字,pending,
icons/relics/icon_relic_flamering.png,icons,64,64,8.4,RGBA,True,A,merge_atlas,ui_all,0,all,48,64,128,128,8,bundle_ui,atlas_icons_common,64,64,64,64,1,single,ui_icon,suspected,unknown,unknown,review,需人工确认是否有文字,pending,
icons/relics/icon_relic_frenzyaxe.png,icons,64,64,8.9,RGBA,True,A,merge_atlas,ui_all,0,all,48,64,128,128,8,bundle_ui,atlas_icons_common,64,64,64,64,1,single,ui_icon,suspected,unknown,unknown,review,需人工确认是否有文字,pending,
icons/relics/icon_relic_frostamulet.png,icons,64,64,9.6,RGBA,True,A,merge_atlas,ui_all,0,all,48,64,128,128,8,bundle_ui,atlas_icons_common,64,64,64,64,1,single,ui_icon,suspected,unknown,unknown,review,需人工确认是否有文字,pending,
icons/relics/icon_relic_gravitystone.png,icons,64,64,9.6,RGBA,True,A,merge_atlas,ui_all,0,all,48,64,128,128,8,bundle_ui,atlas_icons_common,64,64,64,64,1,single,ui_icon,suspected,unknown,unknown,review,需人工确认是否有文字,pending,
icons/relics/icon_relic_immortalstone.png,icons,64,64,8.6,RGBA,True,A,merge_atlas,ui_all,0,all,48,64,128,128,8,bundle_ui,atlas_icons_common,64,64,64,64,1,single,ui_icon,suspected,unknown,unknown,review,需人工确认是否有文字,pending,
icons/relics/icon_relic_ironarmor.png,icons,64,64,9.1,RGBA,True,A,merge_atlas,ui_all,0,all,48,64,128,128,8,bundle_ui,atlas_icons_common,64,64,64,64,1,single,ui_icon,suspected,unknown,unknown,review,需人工确认是否有文字,pending,
icons/relics/icon_relic_lifelink.png,icons,64,64,8.3,RGBA,True,A,merge_atlas,ui_all,0,all,48,64,128,128,8,bundle_ui,atlas_icons_common,64,64,64,64,1,single,ui_icon,suspected,unknown,unknown,review,需人工确认是否有文字,pending,
icons/relics/icon_relic_luckycoin.png,icons,64,64,8.7,RGBA,True,A,merge_atlas,ui_all,0,all,48,64,128,128,8,bundle_ui,atlas_icons_common,64,64,64,64,1,single,ui_icon,suspected,unknown,unknown,review,需人工确认是否有文字,pending,
icons/relics/icon_relic_shadowcloak.png,icons,64,64,8.7,RGBA,True,A,merge_atlas,ui_all,0,all,48,64,128,128,8,bundle_ui,atlas_icons_common,64,64,64,64,1,single,ui_icon,suspected,unknown,unknown,review,需人工确认是否有文字,pending,
icons/relics/icon_relic_shadowdagger.png,icons,64,64,8.4,RGBA,True,A,merge_atlas,ui_all,0,all,48,64,128,128,8,bundle_ui,atlas_icons_common,64,64,64,64,1,single,ui_icon,suspected,unknown,unknown,review,需人工确认是否有文字,pending,
icons/relics/icon_relic_speedgauntlet.png,icons,64,64,9.1,RGBA,True,A,merge_atlas,ui_all,0,all,48,64,128,128,8,bundle_ui,atlas_icons_common,64,64,64,64,1,single,ui_icon,suspected,unknown,unknown,review,需人工确认是否有文字,pending,
icons/relics/icon_relic_thornarmor.png,icons,64,64,9.2,RGBA,True,A,merge_atlas,ui_all,0,all,48,64,128,128,8,bundle_ui,atlas_icons_common,64,64,64,64,1,single,ui_icon,suspected,unknown,unknown,review,需人工确认是否有文字,pending,
icons/relics/icon_relic_timehourglass.png,icons,64,64,9.3,RGBA,True,A,merge_atlas,ui_all,0,all,48,64,128,128,8,bundle_ui,atlas_icons_common,64,64,64,64,1,single,ui_icon,suspected,unknown,unknown,review,需人工确认是否有文字,pending,
icons/sets/icon_set_frostbite.png,icons,48,48,4.8,RGBA,True,A,replace,ui_all,0,all,48,48,128,128,8,bundle_ui,atlas_icons_common,48,48,48,48,1,single,ui_icon,suspected,unknown,unknown,review,需人工确认是否有文字,pending,
icons/sets/icon_set_fury.png,icons,48,48,4.9,RGBA,True,A,replace,ui_all,0,all,48,48,128,128,8,bundle_ui,atlas_icons_common,48,48,48,48,1,single,ui_icon,suspected,unknown,unknown,review,需人工确认是否有文字,pending,
icons/sets/icon_set_ironwall.png,icons,48,48,4.1,RGBA,True,A,replace,ui_all,0,all,48,48,128,128,8,bundle_ui,atlas_icons_common,48,48,48,48,1,single,ui_icon,suspected,unknown,unknown,review,需人工确认是否有文字,pending,
icons/sets/icon_set_radiance.png,icons,48,48,4.9,RGBA,True,A,replace,ui_all,0,all,48,48,128,128,8,bundle_ui,atlas_icons_common,48,48,48,48,1,single,ui_icon,suspected,unknown,unknown,review,需人工确认是否有文字,pending,
icons/sets/icon_set_shadow.png,icons,48,48,4.5,RGBA,True,A,replace,ui_all,0,all,48,48,128,128,8,bundle_ui,atlas_icons_common,48,48,48,48,1,single,ui_icon,suspected,unknown,unknown,review,需人工确认是否有文字,pending,
icons/sets/icon_set_tempest.png,icons,48,48,3.8,RGBA,True,A,replace,ui_all,0,all,48,48,128,128,8,bundle_ui,atlas_icons_common,48,48,48,48,1,single,ui_icon,suspected,unknown,unknown,review,需人工确认是否有文字,pending,
icons/skills/icon_skill_dash.png,icons,48,48,4.0,RGBA,True,A,replace,ui_all,0,all,48,48,128,128,8,bundle_ui,atlas_icons_common,48,48,48,48,1,single,ui_icon,suspected,unknown,unknown,review,需人工确认是否有文字,pending,
icons/skills/icon_skill_elementburst.png,icons,48,48,5.0,RGBA,True,A,replace,ui_all,0,all,48,48,128,128,8,bundle_ui,atlas_icons_common,48,48,48,48,1,single,ui_icon,suspected,unknown,unknown,review,需人工确认是否有文字,pending,
icons/skills/icon_skill_healwave.png,icons,48,48,3.9,RGBA,True,A,replace,ui_all,0,all,48,48,128,128,8,bundle_ui,atlas_icons_common,48,48,48,48,1,single,ui_icon,suspected,unknown,unknown,review,需人工确认是否有文字,pending,
icons/skills/icon_skill_shield.png,icons,48,48,4.3,RGBA,True,A,replace,ui_all,0,all,48,48,128,128,8,bundle_ui,atlas_icons_common,48,48,48,48,1,single,ui_icon,suspected,unknown,unknown,review,需人工确认是否有文字,pending,
icons/skills/icon_skill_slowfield.png,icons,48,48,4.4,RGBA,True,A,replace,ui_all,0,all,48,48,128,128,8,bundle_ui,atlas_icons_common,48,48,48,48,1,single,ui_icon,suspected,unknown,unknown,review,需人工确认是否有文字,pending,
icons/skills/icon_skill_snapshot.png,icons,48,48,3.8,RGBA,True,A,replace,ui_all,0,all,48,48,128,128,8,bundle_ui,atlas_icons_common,48,48,48,48,1,single,ui_icon,suspected,unknown,unknown,review,需人工确认是否有文字,pending,
monsters/abyss/monster_abyss_abyssarcher_idle.png,monsters,48,48,4.6,RGBA,True,A,defer,battle/dungeon,0,dungeon,96,48,48,48,8,bundle_zone_abyss,,48,48,48,48,1,single,other,false,none,none,none,,pending,
monsters/abyss/monster_abyss_abysslordelite_idle.png,monsters,192,192,31.7,RGBA,True,S,replace,battle/dungeon,0,dungeon,96,192,192,192,18,bundle_zone_abyss,,192,192,192,192,1,single,other,false,none,none,none,,pending,
monsters/abyss/monster_abyss_shadowdemon_idle.png,monsters,48,48,3.7,RGBA,True,A,defer,battle/dungeon,0,dungeon,96,48,48,48,8,bundle_zone_abyss,,48,48,48,48,1,single,other,false,none,none,none,,pending,
monsters/abyss/monster_abyss_shadowgolem_idle.png,monsters,48,48,4.5,RGBA,True,A,defer,battle/dungeon,0,dungeon,96,48,48,48,8,bundle_zone_abyss,,48,48,48,48,1,single,other,false,none,none,none,,pending,
monsters/abyss/monster_abyss_voidrift_idle.png,monsters,48,48,4.0,RGBA,True,A,defer,battle/dungeon,0,dungeon,96,48,48,48,8,bundle_zone_abyss,,48,48,48,48,1,single,other,false,none,none,none,,pending,
monsters/abyss/monster_abyss_voidwraith_idle.png,monsters,48,48,4.6,RGBA,True,A,defer,battle/dungeon,0,dungeon,96,48,48,48,8,bundle_zone_abyss,,48,48,48,48,1,single,other,false,none,none,none,,pending,
monsters/catacombs/monster_catacombs_batswarm_idle.png,monsters,48,48,4.7,RGBA,True,A,defer,battle/dungeon,0,dungeon,96,48,48,48,8,bundle_zone_catacombs,,48,48,48,48,1,single,other,false,none,none,none,,pending,
monsters/catacombs/monster_catacombs_deathknight_idle.png,monsters,64,64,7.5,RGBA,True,A,defer,battle/dungeon,0,dungeon,96,64,64,64,8,bundle_zone_catacombs,,64,64,64,64,1,single,other,false,none,none,none,,pending,
monsters/catacombs/monster_catacombs_ghost_idle.png,monsters,48,48,4.5,RGBA,True,A,defer,battle/dungeon,0,dungeon,96,48,48,48,8,bundle_zone_catacombs,,48,48,48,48,1,single,other,false,none,none,none,,pending,
monsters/catacombs/monster_catacombs_ghoul_idle.png,monsters,48,48,3.9,RGBA,True,A,defer,battle/dungeon,0,dungeon,96,48,48,48,8,bundle_zone_catacombs,,48,48,48,48,1,single,other,false,none,none,none,,pending,
monsters/catacombs/monster_catacombs_skeletonarcher_idle.png,monsters,48,48,4.8,RGBA,True,A,defer,battle/dungeon,0,dungeon,96,48,48,48,8,bundle_zone_catacombs,,48,48,48,48,1,single,other,false,none,none,none,,pending,
monsters/catacombs/monster_catacombs_skeleton_idle.png,monsters,48,48,4.3,RGBA,True,A,defer,battle/dungeon,0,dungeon,96,48,48,48,8,bundle_zone_catacombs,,48,48,48,48,1,single,other,false,none,none,none,,pending,
monsters/forest/monster_forest_boar_idle.png,monsters,48,48,4.3,RGBA,True,A,defer,battle/dungeon,0,dungeon,96,48,48,48,8,bundle_zone_forest,,48,48,48,48,1,single,other,false,none,none,none,,pending,
monsters/forest/monster_forest_deerelite_idle.png,monsters,192,192,28.4,RGBA,True,S,replace,battle/dungeon,0,dungeon,96,192,192,192,18,bundle_zone_forest,,192,192,192,192,1,single,other,false,none,none,none,,pending,
monsters/forest/monster_forest_elfarcher_idle.png,monsters,48,48,4.1,RGBA,True,A,defer,battle/dungeon,0,dungeon,96,48,48,48,8,bundle_zone_forest,,48,48,48,48,1,single,other,false,none,none,none,,pending,
monsters/forest/monster_forest_mushroom_idle.png,monsters,48,48,4.1,RGBA,True,A,defer,battle/dungeon,0,dungeon,96,48,48,48,8,bundle_zone_forest,,48,48,48,48,1,single,other,false,none,none,none,,pending,
monsters/forest/monster_forest_slime_idle.png,monsters,48,48,3.5,RGBA,True,A,defer,battle/dungeon,0,dungeon,96,48,48,48,8,bundle_zone_forest,,48,48,48,48,1,single,other,false,none,none,none,,pending,
monsters/forest/monster_forest_treant_idle.png,monsters,48,48,4.1,RGBA,True,A,defer,battle/dungeon,0,dungeon,96,48,48,48,8,bundle_zone_forest,,48,48,48,48,1,single,other,false,none,none,none,,pending,
monsters/swamp/monster_swamp_gianttoad_idle.png,monsters,192,192,30.4,RGBA,True,S,replace,battle/dungeon,0,dungeon,96,192,192,192,18,bundle_zone_swamp,,192,192,192,192,1,single,other,false,none,none,none,,pending,
monsters/swamp/monster_swamp_rottreant_idle.png,monsters,48,48,4.9,RGBA,True,A,defer,battle/dungeon,0,dungeon,96,48,48,48,8,bundle_zone_swamp,,48,48,48,48,1,single,other,false,none,none,none,,pending,
monsters/swamp/monster_swamp_slimepoison_idle.png,monsters,48,48,3.8,RGBA,True,A,defer,battle/dungeon,0,dungeon,96,48,48,48,8,bundle_zone_swamp,,48,48,48,48,1,single,other,false,none,none,none,,pending,
monsters/swamp/monster_swamp_swampdragon_idle.png,monsters,192,192,29.9,RGBA,True,S,replace,battle/dungeon,0,dungeon,96,192,192,192,18,bundle_zone_swamp,,192,192,192,192,1,single,other,false,none,none,none,,pending,
monsters/swamp/monster_swamp_swampspider_idle.png,monsters,48,48,3.7,RGBA,True,A,defer,battle/dungeon,0,dungeon,96,48,48,48,8,bundle_zone_swamp,,48,48,48,48,1,single,other,false,none,none,none,,pending,
monsters/swamp/monster_swamp_viper_idle.png,monsters,48,48,3.6,RGBA,True,A,defer,battle/dungeon,0,dungeon,96,48,48,48,8,bundle_zone_swamp,,48,48,48,48,1,single,other,false,none,none,none,,pending,
monsters/tundra/monster_tundra_frostgiant_idle.png,monsters,192,192,29.4,RGBA,True,S,replace,battle/dungeon,0,dungeon,96,192,192,192,18,bundle_zone_tundra,,192,192,192,192,1,single,other,false,none,none,none,,pending,
monsters/tundra/monster_tundra_frostmage_idle.png,monsters,48,48,4.8,RGBA,True,A,defer,battle/dungeon,0,dungeon,96,48,48,48,8,bundle_zone_tundra,,48,48,48,48,1,single,other,false,none,none,none,,pending,
monsters/tundra/monster_tundra_iceskeleton_idle.png,monsters,48,48,4.0,RGBA,True,A,defer,battle/dungeon,0,dungeon,96,48,48,48,8,bundle_zone_tundra,,48,48,48,48,1,single,other,false,none,none,none,,pending,
monsters/tundra/monster_tundra_penguinsoldier_idle.png,monsters,64,64,6.4,RGBA,True,A,defer,battle/dungeon,0,dungeon,96,64,64,64,8,bundle_zone_tundra,,64,64,64,64,1,single,other,false,none,none,none,,pending,
monsters/tundra/monster_tundra_snowman_idle.png,monsters,48,48,3.7,RGBA,True,A,defer,battle/dungeon,0,dungeon,96,48,48,48,8,bundle_zone_tundra,,48,48,48,48,1,single,other,false,none,none,none,,pending,
monsters/tundra/monster_tundra_snowwolf_idle.png,monsters,48,48,4.1,RGBA,True,A,defer,battle/dungeon,0,dungeon,96,48,48,48,8,bundle_zone_tundra,,48,48,48,48,1,single,other,false,none,none,none,,pending,
monsters/volcano/monster_volcano_ashwraith_idle.png,monsters,48,48,4.0,RGBA,True,A,defer,battle/dungeon,0,dungeon,96,48,48,48,8,bundle_zone_volcano,,48,48,48,48,1,single,other,false,none,none,none,,pending,
monsters/volcano/monster_volcano_demon_idle.png,monsters,48,48,4.4,RGBA,True,A,defer,battle/dungeon,0,dungeon,96,48,48,48,8,bundle_zone_volcano,,48,48,48,48,1,single,other,false,none,none,none,,pending,
monsters/volcano/monster_volcano_fireelemental_idle.png,monsters,48,48,3.9,RGBA,True,A,defer,battle/dungeon,0,dungeon,96,48,48,48,8,bundle_zone_volcano,,48,48,48,48,1,single,other,false,none,none,none,,pending,
monsters/volcano/monster_volcano_infernoelite_idle.png,monsters,192,192,30.9,RGBA,True,S,replace,battle/dungeon,0,dungeon,96,192,192,192,18,bundle_zone_volcano,,192,192,192,192,1,single,other,false,none,none,none,,pending,
monsters/volcano/monster_volcano_lavaspider_idle.png,monsters,48,48,4.0,RGBA,True,A,defer,battle/dungeon,0,dungeon,96,48,48,48,8,bundle_zone_volcano,,48,48,48,48,1,single,other,false,none,none,none,,pending,
monsters/volcano/monster_volcano_suicidegolem_idle.png,monsters,48,48,4.9,RGBA,True,A,defer,battle/dungeon,0,dungeon,96,48,48,48,8,bundle_zone_volcano,,48,48,48,48,1,single,other,false,none,none,none,,pending,
tiles/abyss/tile_abyss_floor.png,tiles,32,32,2.4,RGBA,True,B,keep,dungeon/map,0,dungeon,64,32,32,32,2,bundle_tiles_abyss,,32,32,32,32,1,single,other,false,none,none,none,,pending,
tiles/abyss/tile_abyss_highground.png,tiles,32,32,2.3,RGBA,True,B,keep,dungeon/map,0,dungeon,64,32,32,32,2,bundle_tiles_abyss,,32,32,32,32,1,single,other,false,none,none,none,,pending,
tiles/abyss/tile_abyss_thorn.png,tiles,32,32,2.9,RGBA,True,B,keep,dungeon/map,0,dungeon,64,32,32,32,2,bundle_tiles_abyss,,32,32,32,32,1,single,other,false,none,none,none,,pending,
tiles/abyss/tile_abyss_wall.png,tiles,32,32,2.4,RGBA,True,B,keep,dungeon/map,0,dungeon,64,32,32,32,2,bundle_tiles_abyss,,32,32,32,32,1,single,other,false,none,none,none,,pending,
tiles/catacombs/tile_catacombs_floor.png,tiles,32,32,2.2,RGBA,True,B,keep,dungeon/map,0,dungeon,64,32,32,32,2,bundle_tiles_catacombs,,32,32,32,32,1,single,other,false,none,none,none,,pending,
tiles/catacombs/tile_catacombs_highground.png,tiles,32,32,2.8,RGBA,True,B,keep,dungeon/map,0,dungeon,64,32,32,32,2,bundle_tiles_catacombs,,32,32,32,32,1,single,other,false,none,none,none,,pending,
tiles/catacombs/tile_catacombs_thorn.png,tiles,32,32,3.0,RGBA,True,B,keep,dungeon/map,0,dungeon,64,32,32,32,2,bundle_tiles_catacombs,,32,32,32,32,1,single,other,false,none,none,none,,pending,
tiles/catacombs/tile_catacombs_wall.png,tiles,32,32,1.8,RGBA,True,B,keep,dungeon/map,0,dungeon,64,32,32,32,2,bundle_tiles_catacombs,,32,32,32,32,1,single,other,false,none,none,none,,pending,
tiles/forest/tile_forest_floor.png,tiles,32,32,2.9,RGBA,True,B,keep,dungeon/map,0,dungeon,64,32,32,32,2,bundle_tiles_forest,,32,32,32,32,1,single,other,false,none,none,none,,pending,
tiles/forest/tile_forest_highground.png,tiles,32,32,2.2,RGBA,True,B,keep,dungeon/map,0,dungeon,64,32,32,32,2,bundle_tiles_forest,,32,32,32,32,1,single,other,false,none,none,none,,pending,
tiles/forest/tile_forest_thorn.png,tiles,32,32,2.8,RGBA,True,B,keep,dungeon/map,0,dungeon,64,32,32,32,2,bundle_tiles_forest,,32,32,32,32,1,single,other,false,none,none,none,,pending,
tiles/forest/tile_forest_wall.png,tiles,32,32,2.6,RGBA,True,B,keep,dungeon/map,0,dungeon,64,32,32,32,2,bundle_tiles_forest,,32,32,32,32,1,single,other,false,none,none,none,,pending,
tiles/swamp/tile_swamp_floor.png,tiles,32,32,2.4,RGBA,True,B,keep,dungeon/map,0,dungeon,64,32,32,32,2,bundle_tiles_swamp,,32,32,32,32,1,single,other,false,none,none,none,,pending,
tiles/swamp/tile_swamp_highground.png,tiles,32,32,2.4,RGBA,True,B,keep,dungeon/map,0,dungeon,64,32,32,32,2,bundle_tiles_swamp,,32,32,32,32,1,single,other,false,none,none,none,,pending,
tiles/swamp/tile_swamp_thorn.png,tiles,32,32,3.1,RGBA,True,B,keep,dungeon/map,0,dungeon,64,32,32,32,2,bundle_tiles_swamp,,32,32,32,32,1,single,other,false,none,none,none,,pending,
tiles/swamp/tile_swamp_wall.png,tiles,32,32,2.5,RGBA,True,B,keep,dungeon/map,0,dungeon,64,32,32,32,2,bundle_tiles_swamp,,32,32,32,32,1,single,other,false,none,none,none,,pending,
tiles/tundra/tile_tundra_floor.png,tiles,32,32,1.9,RGBA,True,B,keep,dungeon/map,0,dungeon,64,32,32,32,2,bundle_tiles_tundra,,32,32,32,32,1,single,other,false,none,none,none,,pending,
tiles/tundra/tile_tundra_highground.png,tiles,32,32,2.2,RGBA,True,B,keep,dungeon/map,0,dungeon,64,32,32,32,2,bundle_tiles_tundra,,32,32,32,32,1,single,other,false,none,none,none,,pending,
tiles/tundra/tile_tundra_thorn.png,tiles,32,32,2.6,RGBA,True,B,keep,dungeon/map,0,dungeon,64,32,32,32,2,bundle_tiles_tundra,,32,32,32,32,1,single,other,false,none,none,none,,pending,
tiles/tundra/tile_tundra_wall.png,tiles,32,32,2.3,RGBA,True,B,keep,dungeon/map,0,dungeon,64,32,32,32,2,bundle_tiles_tundra,,32,32,32,32,1,single,other,false,none,none,none,,pending,
tiles/volcano/tile_volcano_floor.png,tiles,32,32,2.8,RGBA,True,B,keep,dungeon/map,0,dungeon,64,32,32,32,2,bundle_tiles_volcano,,32,32,32,32,1,single,other,false,none,none,none,,pending,
tiles/volcano/tile_volcano_highground.png,tiles,32,32,3.0,RGBA,True,B,keep,dungeon/map,0,dungeon,64,32,32,32,2,bundle_tiles_volcano,,32,32,32,32,1,single,other,false,none,none,none,,pending,
tiles/volcano/tile_volcano_thorn.png,tiles,32,32,2.8,RGBA,True,B,keep,dungeon/map,0,dungeon,64,32,32,32,2,bundle_tiles_volcano,,32,32,32,32,1,single,other,false,none,none,none,,pending,
tiles/volcano/tile_volcano_wall.png,tiles,32,32,2.7,RGBA,True,B,keep,dungeon/map,0,dungeon,64,32,32,32,2,bundle_tiles_volcano,,32,32,32,32,1,single,other,false,none,none,none,,pending,
ui/common/btn_active.png,ui,200,60,12.6,RGBA,True,B,defer,unknown,0,unknown,200,60,200,60,6,bundle_ui,,200,60,200,60,1,single,other,false,none,none,none,,pending,
ui/common/btn_close.png,ui,32,32,1.3,RGBA,True,B,defer,unknown,0,unknown,32,32,32,32,4,bundle_ui,,32,32,32,32,1,single,other,false,none,none,none,,pending,
ui/common/btn_default.png,ui,200,60,9.4,RGBA,True,B,defer,unknown,0,unknown,200,60,200,60,6,bundle_ui,,200,60,200,60,1,single,other,false,none,none,none,,pending,
ui/common/btn_hover.png,ui,200,60,9.4,RGBA,True,B,defer,unknown,0,unknown,200,60,200,60,6,bundle_ui,,200,60,200,60,1,single,other,false,none,none,none,,pending,
ui/common/panel_bg.png,ui,32,32,1.6,RGBA,True,B,defer,unknown,0,unknown,32,32,32,32,4,bundle_ui,,32,32,32,32,1,single,other,false,none,none,none,,pending,
ui/death/btn_revive_active.png,ui,200,60,9.2,RGBA,True,A,keep,scene_death,0,main,200,60,200,60,6,bundle_ui,,200,60,200,60,1,single,panel_bg,suspected,unknown,unknown,review,需人工确认是否有文字,pending,
ui/death/btn_revive_default.png,ui,200,60,7.8,RGBA,True,A,keep,scene_death,0,main,200,60,200,60,6,bundle_ui,,200,60,200,60,1,single,panel_bg,suspected,unknown,unknown,review,需人工确认是否有文字,pending,
ui/death/btn_settle_active.png,ui,200,60,10.1,RGBA,True,A,keep,scene_death,0,main,200,60,200,60,6,bundle_ui,,200,60,200,60,1,single,panel_bg,suspected,unknown,unknown,review,需人工确认是否有文字,pending,
ui/death/btn_settle_default.png,ui,200,60,10.4,RGBA,True,A,keep,scene_death,0,main,200,60,200,60,6,bundle_ui,,200,60,200,60,1,single,panel_bg,suspected,unknown,unknown,review,需人工确认是否有文字,pending,
ui/death/death_bg.png,ui,750,1334,496.9,RGBA,True,A,keep,scene_death,0,main,750,1334,256,256,30,bundle_ui,,750,1334,750,1334,1,single,fullscreen_portrait,suspected,unknown,unknown,review,需人工确认是否有文字,pending,
ui/death/icon_soulstone.png,ui,32,32,1.4,RGBA,True,A,merge_atlas,scene_death,0,main,32,32,32,32,4,bundle_ui,atlas_ui_common,32,32,32,32,1,single,panel_bg,suspected,unknown,unknown,review,需人工确认是否有文字,pending,
ui/death/result_panel.png,ui,32,32,1.3,RGBA,True,A,merge_atlas,scene_death,0,main,32,32,32,32,4,bundle_ui,atlas_ui_common,32,32,32,32,1,single,panel_bg,suspected,unknown,unknown,review,需人工确认是否有文字,pending,
ui/equipment/equip_body_frame.png,ui,400,300,74.6,RGBA,True,B,defer,unknown,0,unknown,400,300,400,300,30,bundle_ui,,400,300,400,300,1,single,other,false,none,none,none,,pending,
ui/equipment/equip_slot_chest.png,ui,48,48,2.6,RGBA,True,B,defer,unknown,0,unknown,48,48,48,48,4,bundle_ui,,48,48,48,48,1,single,other,false,none,none,none,,pending,
ui/equipment/equip_slot_gloves.png,ui,48,48,2.4,RGBA,True,B,defer,unknown,0,unknown,48,48,48,48,4,bundle_ui,,48,48,48,48,1,single,other,false,none,none,none,,pending,
ui/equipment/equip_slot_helmet.png,ui,48,48,2.4,RGBA,True,B,defer,unknown,0,unknown,48,48,48,48,4,bundle_ui,,48,48,48,48,1,single,other,false,none,none,none,,pending,
ui/equipment/equip_slot_legs.png,ui,48,48,2.5,RGBA,True,B,defer,unknown,0,unknown,48,48,48,48,4,bundle_ui,,48,48,48,48,1,single,other,false,none,none,none,,pending,
ui/equipment/equip_slot_necklace.png,ui,48,48,2.5,RGBA,True,B,defer,unknown,0,unknown,48,48,48,48,4,bundle_ui,,48,48,48,48,1,single,other,false,none,none,none,,pending,
ui/equipment/equip_slot_ring.png,ui,48,48,2.3,RGBA,True,B,defer,unknown,0,unknown,48,48,48,48,4,bundle_ui,,48,48,48,48,1,single,other,false,none,none,none,,pending,
ui/equipment/equip_slot_shoes.png,ui,48,48,2.7,RGBA,True,B,defer,unknown,0,unknown,48,48,48,48,4,bundle_ui,,48,48,48,48,1,single,other,false,none,none,none,,pending,
ui/equipment/equip_slot_weapon.png,ui,48,48,2.3,RGBA,True,B,defer,unknown,0,unknown,48,48,48,48,4,bundle_ui,,48,48,48,48,1,single,other,false,none,none,none,,pending,
ui/equipment/inventory_slot.png,ui,60,60,2.4,RGBA,True,B,defer,unknown,0,unknown,60,60,60,60,4,bundle_ui,,60,60,60,60,1,single,other,false,none,none,none,,pending,
ui/equipment/item_slot.png,ui,40,40,1.8,RGBA,True,B,defer,unknown,0,unknown,40,40,40,40,4,bundle_ui,,40,40,40,40,1,single,other,false,none,none,none,,pending,
ui/equipment/rarity_common.png,ui,60,60,4.6,RGBA,True,B,defer,unknown,0,unknown,60,60,60,60,4,bundle_ui,,60,60,60,60,1,single,other,false,none,none,none,,pending,
ui/equipment/rarity_legendary.png,ui,60,60,5.6,RGBA,True,B,defer,unknown,0,unknown,60,60,60,60,4,bundle_ui,,60,60,60,60,1,single,other,false,none,none,none,,pending,
ui/equipment/rarity_magic.png,ui,60,60,4.9,RGBA,True,B,defer,unknown,0,unknown,60,60,60,60,4,bundle_ui,,60,60,60,60,1,single,other,false,none,none,none,,pending,
ui/equipment/rarity_rare.png,ui,60,60,5.1,RGBA,True,B,defer,unknown,0,unknown,60,60,60,60,4,bundle_ui,,60,60,60,60,1,single,other,false,none,none,none,,pending,
ui/equipment/set_counter_bg.png,ui,200,120,19.9,RGBA,True,B,defer,unknown,0,unknown,200,120,200,120,12,bundle_ui,,200,120,200,120,1,single,other,false,none,none,none,,pending,
ui/hud/hud_cdmask.png,ui,128,128,18.3,RGBA,True,S,keep,scene_battle,0,dungeon,128,128,128,128,8,bundle_ui,atlas_hud,128,128,128,128,1,single,ui_icon,suspected,unknown,unknown,review,需人工确认是否有文字,pending,
ui/hud/hud_hpbar_bg.png,ui,200,20,3.1,RGBA,True,S,keep,scene_battle,0,dungeon,200,20,200,128,12,bundle_ui,atlas_hud,200,20,200,20,1,single,ui_icon,suspected,unknown,unknown,review,需人工确认是否有文字,pending,
ui/hud/hud_hpbar_fill.png,ui,200,20,3.1,RGBA,True,S,keep,scene_battle,0,dungeon,200,20,200,128,12,bundle_ui,atlas_hud,200,20,200,20,1,single,ui_icon,suspected,unknown,unknown,review,需人工确认是否有文字,pending,
ui/hud/hud_hpbar_frame.png,ui,200,20,3.3,RGBA,True,S,keep,scene_battle,0,dungeon,200,20,200,128,12,bundle_ui,atlas_hud,200,20,200,20,1,single,ui_icon,suspected,unknown,unknown,review,需人工确认是否有文字,pending,
ui/hud/hud_rollbtn.png,ui,128,128,18.3,RGBA,True,S,keep,scene_battle,0,dungeon,128,128,128,128,8,bundle_ui,atlas_hud,128,128,128,128,1,single,ui_icon,suspected,unknown,unknown,review,需人工确认是否有文字,pending,
ui/hud/hud_skillslot.png,ui,128,128,16.9,RGBA,True,S,keep,scene_battle,0,dungeon,128,128,128,128,8,bundle_ui,atlas_hud,128,128,128,128,1,single,ui_icon,suspected,unknown,unknown,review,需人工确认是否有文字,pending,
ui/hud/joystick_base.png,ui,120,120,8.1,RGBA,True,S,keep,scene_battle,0,dungeon,120,120,128,128,8,bundle_ui,atlas_hud,120,120,120,120,1,single,ui_icon,suspected,unknown,unknown,review,需人工确认是否有文字,pending,
ui/hud/joystick_dot.png,ui,128,128,17.9,RGBA,True,S,keep,scene_battle,0,dungeon,128,128,128,128,8,bundle_ui,atlas_hud,128,128,128,128,1,single,ui_icon,suspected,unknown,unknown,review,需人工确认是否有文字,pending,
ui/main/main_bg.png,ui,750,1334,310.4,RGBA,True,A,keep,scene_main,0,main,750,1334,256,256,30,bundle_ui,,750,1334,750,1334,1,single,fullscreen_portrait,suspected,unknown,unknown,review,需人工确认是否有文字,pending,
ui/main/main_titledeco.png,ui,600,200,81.8,RGBA,True,A,keep,scene_main,0,main,750,200,256,200,25,bundle_ui,,600,200,600,200,1,single,panel_bg,suspected,unknown,unknown,review,需人工确认是否有文字,pending,
ui/map/icon_room_boss.png,ui,20,20,0.8,RGBA,True,A,merge_atlas,scene_map,0,dungeon,20,20,20,20,4,bundle_ui,atlas_ui_common,20,20,20,20,1,single,panel_bg,suspected,unknown,unknown,review,需人工确认是否有文字,pending,
ui/map/icon_room_combat.png,ui,20,20,0.8,RGBA,True,A,merge_atlas,scene_map,0,dungeon,20,20,20,20,4,bundle_ui,atlas_ui_common,20,20,20,20,1,single,panel_bg,suspected,unknown,unknown,review,需人工确认是否有文字,pending,
ui/map/icon_room_event.png,ui,20,20,0.8,RGBA,True,A,merge_atlas,scene_map,0,dungeon,20,20,20,20,4,bundle_ui,atlas_ui_common,20,20,20,20,1,single,panel_bg,suspected,unknown,unknown,review,需人工确认是否有文字,pending,
ui/map/icon_room_healing.png,ui,20,20,0.9,RGBA,True,A,merge_atlas,scene_map,0,dungeon,20,20,20,20,4,bundle_ui,atlas_ui_common,20,20,20,20,1,single,panel_bg,suspected,unknown,unknown,review,需人工确认是否有文字,pending,
ui/map/icon_room_shop.png,ui,20,20,0.9,RGBA,True,A,merge_atlas,scene_map,0,dungeon,20,20,20,20,4,bundle_ui,atlas_ui_common,20,20,20,20,1,single,panel_bg,suspected,unknown,unknown,review,需人工确认是否有文字,pending,
ui/map/icon_room_treasure.png,ui,20,20,0.8,RGBA,True,A,merge_atlas,scene_map,0,dungeon,20,20,20,20,4,bundle_ui,atlas_ui_common,20,20,20,20,1,single,panel_bg,suspected,unknown,unknown,review,需人工确认是否有文字,pending,
ui/map/icon_room_upgrade.png,ui,20,20,0.8,RGBA,True,A,merge_atlas,scene_map,0,dungeon,20,20,20,20,4,bundle_ui,atlas_ui_common,20,20,20,20,1,single,panel_bg,suspected,unknown,unknown,review,需人工确认是否有文字,pending,
ui/map/map_line.png,ui,2,16,0.2,RGBA,True,A,merge_atlas,scene_map,0,dungeon,2,16,2,16,4,bundle_ui,atlas_ui_common,2,16,2,16,1,single,panel_bg,suspected,unknown,unknown,review,需人工确认是否有文字,pending,
ui/map/map_node_current.png,ui,32,32,1.6,RGBA,True,A,merge_atlas,scene_map,0,dungeon,32,32,32,32,4,bundle_ui,atlas_ui_common,32,32,32,32,1,single,panel_bg,suspected,unknown,unknown,review,需人工确认是否有文字,pending,
ui/map/map_node_unknown.png,ui,32,32,1.6,RGBA,True,A,merge_atlas,scene_map,0,dungeon,32,32,32,32,4,bundle_ui,atlas_ui_common,32,32,32,32,1,single,panel_bg,suspected,unknown,unknown,review,需人工确认是否有文字,pending,
ui/map/map_node_visited.png,ui,32,32,1.9,RGBA,True,A,merge_atlas,scene_map,0,dungeon,32,32,32,32,4,bundle_ui,atlas_ui_common,32,32,32,32,1,single,panel_bg,suspected,unknown,unknown,review,需人工确认是否有文字,pending,
ui/shop/icon_coin.png,ui,24,24,0.9,RGBA,True,A,merge_atlas,scene_shop,0,main,24,24,24,24,4,bundle_ui,atlas_ui_common,24,24,24,24,1,single,panel_bg,suspected,unknown,unknown,review,需人工确认是否有文字,pending,
ui/shop/shop_bg.png,ui,750,1334,504.7,RGBA,True,A,compress_review,scene_shop,0,main,750,1334,256,256,30,bundle_ui,,750,1334,750,1334,1,single,panel_bg,suspected,unknown,unknown,review,需人工确认是否有文字,pending,
ui/shop/shop_slot.png,ui,160,180,18.4,RGBA,True,A,keep,scene_shop,0,main,160,180,160,180,14,bundle_ui,,160,180,160,180,1,single,panel_bg,suspected,unknown,unknown,review,需人工确认是否有文字,pending,
ui/splash/splash_bg.png,ui,1280,720,392.7,RGBA,True,S,replace,scene_splash,0,splash,180,720,1280,720,184,bundle_ui,,1280,720,1280,720,1,single,panel_bg,suspected,unknown,unknown,review,需人工确认是否有文字,pending,
ui/splash/splash_logo.png,ui,400,128,33.5,RGBA,True,S,replace,scene_splash,0,splash,400,128,400,128,25,bundle_ui,,400,128,400,128,1,single,panel_bg,suspected,unknown,unknown,review,需人工确认是否有文字,pending,
ui/upgrade/card_frame_common.png,ui,160,220,22.7,RGBA,True,A,keep,scene_upgrade,0,main,160,220,160,220,17,bundle_ui,atlas_upgrade,160,220,160,220,1,single,ui_icon,suspected,unknown,unknown,review,需人工确认是否有文字,pending,
ui/upgrade/card_frame_epic.png,ui,160,220,23.7,RGBA,True,A,keep,scene_upgrade,0,main,160,220,160,220,17,bundle_ui,atlas_upgrade,160,220,160,220,1,single,ui_icon,suspected,unknown,unknown,review,需人工确认是否有文字,pending,
ui/upgrade/card_frame_rare.png,ui,160,220,21.5,RGBA,True,A,keep,scene_upgrade,0,main,160,220,160,220,17,bundle_ui,atlas_upgrade,160,220,160,220,1,single,ui_icon,suspected,unknown,unknown,review,需人工确认是否有文字,pending,
ui/upgrade/icon_ability_bullettime.png,ui,256,256,82.1,RGBA,True,A,keep,scene_upgrade,0,main,256,256,256,256,20,bundle_ui,atlas_upgrade,256,256,256,256,1,single,ui_icon,suspected,unknown,unknown,review,需人工确认是否有文字,pending,
ui/upgrade/icon_ability_doublestrike.png,ui,256,256,75.1,RGBA,True,A,keep,scene_upgrade,0,main,256,256,256,256,20,bundle_ui,atlas_upgrade,256,256,256,256,1,single,ui_icon,suspected,unknown,unknown,review,需人工确认是否有文字,pending,
ui/upgrade/icon_ability_elementresonance.png,ui,256,256,102.8,RGBA,True,A,keep,scene_upgrade,0,main,256,256,256,256,20,bundle_ui,atlas_upgrade,256,256,256,256,1,single,ui_icon,suspected,unknown,unknown,review,需人工确认是否有文字,pending,
ui/upgrade/icon_ability_firewalker.png,ui,256,256,89.1,RGBA,True,A,keep,scene_upgrade,0,main,256,256,256,256,20,bundle_ui,atlas_upgrade,256,256,256,256,1,single,ui_icon,suspected,unknown,unknown,review,需人工确认是否有文字,pending,
ui/upgrade/icon_ability_frostbite.png,ui,256,256,98.3,RGBA,True,A,keep,scene_upgrade,0,main,256,256,256,256,20,bundle_ui,atlas_upgrade,256,256,256,256,1,single,ui_icon,suspected,unknown,unknown,review,需人工确认是否有文字,pending,
ui/upgrade/icon_ability_holyshield.png,ui,256,256,118.6,RGBA,True,A,keep,scene_upgrade,0,main,256,256,256,256,20,bundle_ui,atlas_upgrade,256,256,256,256,1,single,ui_icon,suspected,unknown,unknown,review,需人工确认是否有文字,pending,
ui/upgrade/icon_ability_lifestealaura.png,ui,256,256,62.5,RGBA,True,A,keep,scene_upgrade,0,main,256,256,256,256,20,bundle_ui,atlas_upgrade,256,256,256,256,1,single,ui_icon,suspected,unknown,unknown,review,需人工确认是否有文字,pending,
ui/upgrade/icon_ability_phasewalk.png,ui,256,256,85.0,RGBA,True,A,keep,scene_upgrade,0,main,256,256,256,256,20,bundle_ui,atlas_upgrade,256,256,256,256,1,single,ui_icon,suspected,unknown,unknown,review,需人工确认是否有文字,pending,
ui/upgrade/icon_ability_ricochet.png,ui,256,256,79.9,RGBA,True,A,keep,scene_upgrade,0,main,256,256,256,256,20,bundle_ui,atlas_upgrade,256,256,256,256,1,single,ui_icon,suspected,unknown,unknown,review,需人工确认是否有文字,pending,
ui/upgrade/icon_ability_shieldreflect.png,ui,256,256,74.7,RGBA,True,A,keep,scene_upgrade,0,main,256,256,256,256,20,bundle_ui,atlas_upgrade,256,256,256,256,1,single,ui_icon,suspected,unknown,unknown,review,需人工确认是否有文字,pending,
ui/upgrade/icon_ability_sprint.png,ui,256,256,87.1,RGBA,True,A,keep,scene_upgrade,0,main,256,256,256,256,20,bundle_ui,atlas_upgrade,256,256,256,256,1,single,ui_icon,suspected,unknown,unknown,review,需人工确认是否有文字,pending,
ui/upgrade/icon_ability_warcry.png,ui,256,256,110.3,RGBA,True,A,keep,scene_upgrade,0,main,256,256,256,256,20,bundle_ui,atlas_upgrade,256,256,256,256,1,single,ui_icon,suspected,unknown,unknown,review,需人工确认是否有文字,pending,
ui/upgrade/icon_relic_blinkstone.png,ui,256,256,82.8,RGBA,True,A,keep,scene_upgrade,0,main,256,256,256,256,20,bundle_ui,atlas_upgrade,256,256,256,256,1,single,ui_icon,suspected,unknown,unknown,review,需人工确认是否有文字,pending,
ui/upgrade/icon_relic_decoyscroll.png,ui,256,256,109.6,RGBA,True,A,keep,scene_upgrade,0,main,256,256,256,256,20,bundle_ui,atlas_upgrade,256,256,256,256,1,single,ui_icon,suspected,unknown,unknown,review,需人工确认是否有文字,pending,
ui/upgrade/icon_relic_echoorb.png,ui,256,256,98.9,RGBA,True,A,keep,scene_upgrade,0,main,256,256,256,256,20,bundle_ui,atlas_upgrade,256,256,256,256,1,single,ui_icon,suspected,unknown,unknown,review,需人工确认是否有文字,pending,
ui/upgrade/icon_relic_flamering.png,ui,256,256,110.7,RGBA,True,A,keep,scene_upgrade,0,main,256,256,256,256,20,bundle_ui,atlas_upgrade,256,256,256,256,1,single,ui_icon,suspected,unknown,unknown,review,需人工确认是否有文字,pending,
ui/upgrade/icon_relic_frenzyaxe.png,ui,256,256,79.5,RGBA,True,A,keep,scene_upgrade,0,main,256,256,256,256,20,bundle_ui,atlas_upgrade,256,256,256,256,1,single,ui_icon,suspected,unknown,unknown,review,需人工确认是否有文字,pending,
ui/upgrade/icon_relic_frostamulet.png,ui,256,256,121.5,RGBA,True,A,keep,scene_upgrade,0,main,256,256,256,256,20,bundle_ui,atlas_upgrade,256,256,256,256,1,single,ui_icon,suspected,unknown,unknown,review,需人工确认是否有文字,pending,
ui/upgrade/icon_relic_gravitystone.png,ui,256,256,94.5,RGBA,True,A,keep,scene_upgrade,0,main,256,256,256,256,20,bundle_ui,atlas_upgrade,256,256,256,256,1,single,ui_icon,suspected,unknown,unknown,review,需人工确认是否有文字,pending,
ui/upgrade/icon_relic_immortalstone.png,ui,256,256,94.4,RGBA,True,A,keep,scene_upgrade,0,main,256,256,256,256,20,bundle_ui,atlas_upgrade,256,256,256,256,1,single,ui_icon,suspected,unknown,unknown,review,需人工确认是否有文字,pending,
ui/upgrade/icon_relic_ironarmor.png,ui,256,256,101.5,RGBA,True,A,keep,scene_upgrade,0,main,256,256,256,256,20,bundle_ui,atlas_upgrade,256,256,256,256,1,single,ui_icon,suspected,unknown,unknown,review,需人工确认是否有文字,pending,
ui/upgrade/icon_relic_lifelink.png,ui,256,256,67.8,RGBA,True,A,keep,scene_upgrade,0,main,256,256,256,256,20,bundle_ui,atlas_upgrade,256,256,256,256,1,single,ui_icon,suspected,unknown,unknown,review,需人工确认是否有文字,pending,
ui/upgrade/icon_relic_luckycoin.png,ui,256,256,66.6,RGBA,True,A,keep,scene_upgrade,0,main,256,256,256,256,20,bundle_ui,atlas_upgrade,256,256,256,256,1,single,ui_icon,suspected,unknown,unknown,review,需人工确认是否有文字,pending,
ui/upgrade/icon_relic_shadowcloak.png,ui,256,256,83.2,RGBA,True,A,keep,scene_upgrade,0,main,256,256,256,256,20,bundle_ui,atlas_upgrade,256,256,256,256,1,single,ui_icon,suspected,unknown,unknown,review,需人工确认是否有文字,pending,
ui/upgrade/icon_relic_shadowdagger.png,ui,256,256,63.3,RGBA,True,A,keep,scene_upgrade,0,main,256,256,256,256,20,bundle_ui,atlas_upgrade,256,256,256,256,1,single,ui_icon,suspected,unknown,unknown,review,需人工确认是否有文字,pending,
ui/upgrade/icon_relic_speedgauntlet.png,ui,256,256,131.2,RGBA,True,A,keep,scene_upgrade,0,main,256,256,256,256,20,bundle_ui,atlas_upgrade,256,256,256,256,1,single,ui_icon,suspected,unknown,unknown,review,需人工确认是否有文字,pending,
ui/upgrade/icon_relic_thornarmor.png,ui,256,256,113.9,RGBA,True,A,keep,scene_upgrade,0,main,256,256,256,256,20,bundle_ui,atlas_upgrade,256,256,256,256,1,single,ui_icon,suspected,unknown,unknown,review,需人工确认是否有文字,pending,
ui/upgrade/icon_relic_timehourglass.png,ui,256,256,108.5,RGBA,True,A,keep,scene_upgrade,0,main,256,256,256,256,20,bundle_ui,atlas_upgrade,256,256,256,256,1,single,ui_icon,suspected,unknown,unknown,review,需人工确认是否有文字,pending,
ui/upgrade/icon_upgrade_agileboots.png,ui,256,256,90.9,RGBA,True,A,keep,scene_upgrade,0,main,256,256,256,256,20,bundle_ui,atlas_upgrade,256,256,256,256,1,single,ui_icon,suspected,unknown,unknown,review,需人工确认是否有文字,pending,
ui/upgrade/icon_upgrade_berserkerpact.png,ui,256,256,116.4,RGBA,True,A,keep,scene_upgrade,0,main,256,256,256,256,20,bundle_ui,atlas_upgrade,256,256,256,256,1,single,ui_icon,suspected,unknown,unknown,review,需人工确认是否有文字,pending,
ui/upgrade/icon_upgrade_greedring.png,ui,256,256,96.0,RGBA,True,A,keep,scene_upgrade,0,main,256,256,256,256,20,bundle_ui,atlas_upgrade,256,256,256,256,1,single,ui_icon,suspected,unknown,unknown,review,需人工确认是否有文字,pending,
ui/upgrade/icon_upgrade_ironwall.png,ui,256,256,101.4,RGBA,True,A,keep,scene_upgrade,0,main,256,256,256,256,20,bundle_ui,atlas_upgrade,256,256,256,256,1,single,ui_icon,suspected,unknown,unknown,review,需人工确认是否有文字,pending,
ui/upgrade/icon_upgrade_lifecharm.png,ui,256,256,86.3,RGBA,True,A,keep,scene_upgrade,0,main,256,256,256,256,20,bundle_ui,atlas_upgrade,256,256,256,256,1,single,ui_icon,suspected,unknown,unknown,review,需人工确认是否有文字,pending,
ui/upgrade/icon_upgrade_longarm.png,ui,256,256,70.0,RGBA,True,A,keep,scene_upgrade,0,main,256,256,256,256,20,bundle_ui,atlas_upgrade,256,256,256,256,1,single,ui_icon,suspected,unknown,unknown,review,需人工确认是否有文字,pending,
ui/upgrade/icon_upgrade_windstep.png,ui,256,256,86.8,RGBA,True,A,keep,scene_upgrade,0,main,256,256,256,256,20,bundle_ui,atlas_upgrade,256,256,256,256,1,single,ui_icon,suspected,unknown,unknown,review,需人工确认是否有文字,pending,
