actual_path,alpha_partial_pct,alpha_zero_pct,assetId,budget_jpg,budget_png,center_std,checker_pct,cyan_transparent_pct,format,format_cell,green_transparent_pct,h,has_alpha,height,kb,line,magenta_transparent_pct,mode,near_white_pct,path,presence,section,status,uiKey,visible_cyan_pct,visible_green_pct,visible_magenta_pct,w,white_pct,width,issues
assets/resources/textures/ui/main/main_bg.jpg,0.0,0.0,textures/ui/main/main_bg,350.0,800.0,91.53931488945076,0.0,0,JPEG,PNG/JPG,0,720,False,720,307.6015625,169,0,RGB,0.006727430555555556,assets/resources/textures/ui/main/main_bg.png,extension_mismatch,### 必须重做资源,主城整屏背景,ui.main.bg,0.0,0.0,0.0,1280,0.0,1280,extension_mismatch_doc_vs_file
assets/resources/textures/ui/main/btn_adventure.png,0.0,0.056818181818181816,textures/ui/main/btn_adventure,,70.0,68.23680078860406,0.0,0.0,PNG,PNG RGBA,0.0,88,True,72,22.0361328125,170,0.0,RGBA,0.0,assets/resources/textures/ui/main/btn_adventure.png,exact,### 必须重做资源,出征按钮,ui.main.start_button,0.0,0.0,0.0,260,0.0,220,size_mismatch_expected_260x88
assets/resources/textures/ui/main/btn_character.png,0.0,0.056818181818181816,textures/ui/main/btn_character,,45.0,32.15722875271511,0.0,0.0,PNG,PNG RGBA,0.0,68,True,72,22.4833984375,171,0.0,RGBA,0.0,assets/resources/textures/ui/main/btn_character.png,exact,### 必须重做资源,角色入口,ui.main.character_button,0.0,0.0,0.0,180,0.0,220,size_mismatch_expected_180x68
assets/resources/textures/ui/main/btn_shop.png,0.0,0.056818181818181816,textures/ui/main/btn_shop,,45.0,64.027903164321,0.0,0.0,PNG,PNG RGBA,0.0,68,True,72,21.130859375,172,0.0,RGBA,0.0,assets/resources/textures/ui/main/btn_shop.png,exact,### 必须重做资源,商店入口,ui.main.shop_button,0.0,0.0,0.0,180,0.0,220,size_mismatch_expected_180x68
assets/resources/textures/ui/main/btn_log.png,0.0,0.056818181818181816,textures/ui/main/btn_log,,45.0,48.79533492372646,0.0,0.0,PNG,PNG RGBA,0.0,68,True,72,17.1025390625,173,0.0,RGBA,0.0,assets/resources/textures/ui/main/btn_log.png,exact,### 必须重做资源,日志入口,ui.main.log_button,0.0,0.0,0.0,180,0.0,220,size_mismatch_expected_180x68
assets/resources/textures/ui/main/btn_settings.png,0.0,0.056818181818181816,textures/ui/main/btn_settings,,45.0,53.69927331033168,0.0,0.0,PNG,PNG RGBA,0.0,68,True,72,21.6591796875,174,0.0,RGBA,0.0,assets/resources/textures/ui/main/btn_settings.png,exact,### 必须重做资源,设置入口,ui.main.settings_button,0.0,0.0,0.0,180,0.0,220,size_mismatch_expected_180x68
assets/resources/textures/ui/main/top_status_panel.png,0.0,0.032762096774193554,textures/ui/main/top_status_panel,,120.0,62.22614827271491,0.0,0.0,PNG,PNG RGBA,0.0,86,True,64,18.611328125,175,0.0,RGBA,0.26461693548387094,assets/resources/textures/ui/main/top_status_panel.png,exact,### 必须重做资源,顶部角色信息承载,ui.main.top_status_panel,0.0,0.0,0.0,1120,0.0,620,size_mismatch_expected_1120x86;hard_alpha_panel_edge
assets/resources/textures/ui/login/login_bg.jpg,0.0,0.0,textures/ui/login/login_bg,,800.0,117.69978472444119,0.004774305555555556,0,JPEG,PNG/JPG,0,720,False,720,342.6650390625,193,0,RGB,2.489583333333333,assets/resources/textures/ui/login/login_bg.png,extension_mismatch,## 6. Login 登录,必须新增,ui.login.bg,0.0,0.0,0.0,1280,1.8702256944444444,1280,extension_mismatch_doc_vs_file
assets/resources/textures/ui/login/login_panel.png,0.0,0.037109375,textures/ui/login/login_panel,,160.0,30.05854666118608,0.0,0.0,PNG,PNG RGBA,0.0,460,True,320,99.2900390625,194,0.0,RGBA,0.11197916666666667,assets/resources/textures/ui/login/login_panel.png,exact,## 6. Login 登录,必须新增,ui.login.panel,0.0,0.0,0.0,760,0.0,480,size_mismatch_expected_760x460;hard_alpha_panel_edge
assets/resources/textures/ui/login/btn_wechat.png,0.0,0.056818181818181816,textures/ui/login/btn_wechat,,65.0,36.59739504670331,0.0,0.0,PNG,PNG RGBA,0.0,76,True,72,23.0009765625,195,0.0,RGBA,0.0,assets/resources/textures/ui/login/btn_wechat.png,exact,## 6. Login 登录,必须重做,ui.login.wechat_btn,0.0,0.0,0.0,320,0.0,220,size_mismatch_expected_320x76
assets/resources/textures/ui/login/btn_guest.png,0.0,0.056818181818181816,textures/ui/login/btn_guest,,65.0,40.912866219609434,0.0,0.0,PNG,PNG RGBA,0.0,76,True,72,19.083984375,196,0.0,RGBA,0.0,assets/resources/textures/ui/login/btn_guest.png,exact,## 6. Login 登录,必须重做,ui.login.guest_btn,0.0,0.0,0.0,320,0.0,220,size_mismatch_expected_320x76
assets/resources/textures/ui/login/agreement_strip.png,0.0,0.040178571428571425,textures/ui/login/agreement_strip,,45.0,55.12626940485942,0.0,0.0,PNG,PNG RGBA,0.0,44,True,40,20.619140625,197,0.0,RGBA,0.0,assets/resources/textures/ui/login/agreement_strip.png,exact,## 6. Login 登录,建议新增,ui.login.agreement_strip,0.0,0.0,0.0,620,0.0,560,size_mismatch_expected_620x44;hard_alpha_panel_edge
assets/resources/textures/ui/create/create_bg.png,0.0,0.0,textures/ui/create/create_bg,,800.0,86.51888646044576,0.0,0,PNG,PNG/JPG,0,720,False,720,1353.7529296875,211,0,RGB,0.4156901041666667,assets/resources/textures/ui/create/create_bg.png,exact,## 7. Create 创建角色,必须重做,ui.create.bg,0.0,0.0,0.0,1280,0.022243923611111112,1280,over_budget_800.0KB
assets/resources/textures/ui/create/btn_class_default.png,0.0,0.0,textures/ui/create/btn_class_default,,40.0,120.17249431535117,31.210937500000004,0,PNG,PNG RGBA,0,64,True,64,22.828125,212,0,RGBA,25.78125,assets/resources/textures/ui/create/btn_class_default.png,exact,## 7. Create 创建角色,必须重做,ui.create.class_btn,3.2910156250000004,4.66796875,0.0,160,17.109375,160,visible_checker_or_fake_transparency_risk;visible_chroma_residue;button_center_too_busy_risk
assets/resources/textures/ui/create/btn_class_selected.png,0.0,0.0,textures/ui/create/btn_class_selected,,45.0,78.42752237813939,23.30078125,0,PNG,PNG RGBA,0,64,True,64,23.1357421875,213,0,RGBA,0.185546875,assets/resources/textures/ui/create/btn_class_selected.png,exact,## 7. Create 创建角色,必须重做,ui.create.class_btn_selected,0.0,0.0,0.0,160,0.09765625,160,visible_checker_or_fake_transparency_risk;button_center_too_busy_risk
assets/resources/textures/ui/create/btn_create_confirm.png,0.0,0.0,textures/ui/create/btn_create_confirm,,55.0,126.27125957454274,41.794258373205736,0,PNG,PNG RGBA,0,76,True,76,35.9736328125,214,0,RGBA,23.098086124401913,assets/resources/textures/ui/create/btn_create_confirm.png,exact,## 7. Create 创建角色,必须重做,ui.create.confirm_btn,0.0,6.6028708133971294,0.0,220,13.773923444976077,220,visible_checker_or_fake_transparency_risk;visible_chroma_residue;button_center_too_busy_risk
assets/resources/textures/ui/create/btn_create_skip.png,0.0,0.0,textures/ui/create/btn_create_skip,,55.0,84.2745770575142,38.427033492822964,0,PNG,PNG RGBA,0,76,True,76,32.2373046875,215,0,RGBA,24.820574162679428,assets/resources/textures/ui/create/btn_create_skip.png,exact,## 7. Create 创建角色,必须重做,ui.create.skip_btn,0.0,0.0,0.0,220,17.3444976076555,220,visible_checker_or_fake_transparency_risk;button_center_too_busy_risk
assets/resources/textures/ui/create/input_name.png,0.0,0.0,textures/ui/create/input_name,,60.0,11.493897048695622,9.832175925925926,0,PNG,PNG RGBA,0,72,True,72,48.9443359375,216,0,RGBA,12.210648148148149,assets/resources/textures/ui/create/input_name.png,exact,## 7. Create 创建角色,必须新增,ui.create.name_input,0.0,0.0,0.0,480,8.463541666666668,480,visible_checker_or_fake_transparency_risk
assets/resources/textures/ui/create/character_stage_glow.png,0.0,0.0,textures/ui/create/character_stage_glow,,50.0,68.11443690981163,0.0,0,PNG,PNG RGBA,0,120,True,120,25.3896484375,217,0,RGBA,0.026041666666666668,assets/resources/textures/ui/create/character_stage_glow.png,exact,## 7. Create 创建角色,建议新增,ui.create.stage_glow,0.0,0.0,0.0,320,0.0,320,
assets/resources/textures/ui/create/info_panel.png,0.0,0.0,textures/ui/create/info_panel,,80.0,41.32201431940686,0.0,0,PNG,PNG RGBA,0,110,True,110,46.2919921875,218,0,RGBA,0.0,assets/resources/textures/ui/create/info_panel.png,exact,## 7. Create 创建角色,建议新增,ui.create.info_panel,0.0,0.0,0.0,620,0.0,620,hard_alpha_panel_edge
assets/resources/textures/ui/character/character_bg.jpg,0.0,0.0,textures/ui/character/character_bg,,800.0,92.33799622383782,0.0005425347222222222,0,JPEG,PNG/JPG,0,720,False,720,297.82421875,230,0,RGB,0.083984375,assets/resources/textures/ui/character/character_bg.png,extension_mismatch,## 8. Character 角色选择,必须新增,ui.character.bg,0.0,0.0,0.0,1280,0.037760416666666664,1280,extension_mismatch_doc_vs_file
assets/resources/textures/ui/character/character_detail_panel.png,33.71264792899408,0.11279585798816569,textures/ui/character/character_detail_panel,,140.0,4.1172361444819865,0.0,0.0,PNG,PNG RGBA,0.0,520,True,520,134.9833984375,231,0.0,RGBA,0.33136094674556216,assets/resources/textures/ui/character/character_detail_panel.png,exact,## 8. Character 角色选择,必须新增,ui.character.detail_panel,0.0,0.0,0.0,520,0.0,520,
assets/resources/textures/ui/character/character_list_panel.png,0.0,0.06994047619047619,textures/ui/character/character_list_panel,,120.0,104.6456319267917,0.0,0.0,PNG,PNG RGBA,0.0,560,True,560,103.45703125,232,0.0,RGBA,29.8640873015873,assets/resources/textures/ui/character/character_list_panel.png,exact,## 8. Character 角色选择,必须新增,ui.character.list_panel,0.0,0.0,0.0,360,0.0,360,hard_alpha_panel_edge
assets/resources/textures/ui/character/character_card_default.png,0.0,0.042317708333333336,textures/ui/character/character_card_default,,60.0,124.46233465746668,0.0,0.0,PNG,PNG RGBA,0.0,96,True,96,23.173828125,233,0.0,RGBA,1.1751302083333333,assets/resources/textures/ui/character/character_card_default.png,exact,## 8. Character 角色选择,必须新增,character.card.default,0.0,0.0,0.0,320,0.0,320,hard_alpha_panel_edge
assets/resources/textures/ui/character/character_card_selected.png,0.0,0.042317708333333336,textures/ui/character/character_card_selected,,70.0,144.5803547921563,0.0,0.0,PNG,PNG RGBA,0.0,96,True,96,28.5986328125,234,0.0,RGBA,0.8723958333333334,assets/resources/textures/ui/character/character_card_selected.png,exact,## 8. Character 角色选择,必须新增,character.card.selected,0.0,0.0,0.0,320,0.0,320,hard_alpha_panel_edge
assets/resources/textures/ui/character/btn_select.png,0.0,0.056818181818181816,textures/ui/character/btn_select,,55.0,17.677545610287176,0.0,0.0,PNG,PNG RGBA,0.0,72,True,72,12.08203125,235,0.0,RGBA,0.4734848484848485,assets/resources/textures/ui/character/btn_select.png,exact,## 8. Character 角色选择,必须新增,ui.character.select_btn,0.0,0.0,0.0,220,0.0,220,
assets/resources/textures/ui/character/avatar_warrior.png,0.0,52.569580078125,textures/ui/character/avatar_warrior,,45.0,107.54382036102055,0.0,0.0,PNG,PNG RGBA,0.0,128,True,128,15.646484375,241,0.0,RGBA,0.0,assets/resources/textures/ui/character/avatar_warrior.png,exact,## 8. Character 角色选择,<= 45KB,character.avatar.warrior,0.0,0.0,0.0,128,0.0,128,
assets/resources/textures/ui/character/avatar_archer.png,0.0,57.794189453125,textures/ui/character/avatar_archer,,45.0,102.97715350380487,0.0,0.0,PNG,PNG RGBA,0.0,128,True,128,16.4111328125,242,0.0,RGBA,0.0,assets/resources/textures/ui/character/avatar_archer.png,exact,## 8. Character 角色选择,<= 45KB,character.avatar.archer,0.0,0.0,0.0,128,0.0,128,
assets/resources/textures/ui/character/avatar_assassin.png,0.0,62.603759765625,textures/ui/character/avatar_assassin,,45.0,140.9658023289353,0.0,0.0,PNG,PNG RGBA,0.0,128,True,128,13.0185546875,243,0.0,RGBA,0.0,assets/resources/textures/ui/character/avatar_assassin.png,exact,## 8. Character 角色选择,<= 45KB,character.avatar.assassin,0.0,0.0,0.0,128,0.0,128,
assets/resources/textures/ui/character/avatar_mage.png,0.0,71.93603515625,textures/ui/character/avatar_mage,,45.0,100.05863117999931,0.0,0.0,PNG,PNG RGBA,0.0,128,True,128,11.8212890625,244,0.0,RGBA,0.0,assets/resources/textures/ui/character/avatar_mage.png,exact,## 8. Character 角色选择,<= 45KB,character.avatar.mage,0.0,0.0,0.0,128,0.0,128,
assets/resources/textures/ui/character/avatar_berserker.png,0.0,44.091796875,textures/ui/character/avatar_berserker,,45.0,92.76839364595442,0.0,0.0,PNG,PNG RGBA,0.0,128,True,128,14.8505859375,245,0.0,RGBA,0.0,assets/resources/textures/ui/character/avatar_berserker.png,exact,## 8. Character 角色选择,<= 45KB,character.avatar.berserker,0.0,0.0,0.0,128,0.0,128,
assets/resources/textures/ui/area/area_bg.jpg,0.0,0.0,textures/ui/area/area_bg,,800.0,97.60584735865577,0.0008680555555555555,0,JPEG,PNG/JPG,0,720,False,720,295.4287109375,257,0,RGB,0.40407986111111116,assets/resources/textures/ui/area/area_bg.png,extension_mismatch,## 9. AreaSelect 路线选择,必须新增,ui.area.bg,0.0,0.0,0.0,1280,0.06608072916666666,1280,extension_mismatch_doc_vs_file
assets/resources/textures/ui/area/route_panel.png,0.0,0.030830280830280832,textures/ui/area/route_panel,,150.0,0.687589872723276,0.0,0.0,PNG,PNG RGBA,0.0,420,True,420,59.0166015625,258,0.0,RGBA,0.1437728937728938,assets/resources/textures/ui/area/route_panel.png,exact,## 9. AreaSelect 路线选择,必须新增,ui.area.route_panel,0.0,0.0,0.0,780,0.0,780,hard_alpha_panel_edge
assets/resources/textures/ui/area/route_card_default.png,0.0,0.0196256038647343,textures/ui/area/route_card_default,,70.0,141.47112405933265,0.0,0.0,PNG,PNG RGBA,0.0,92,True,92,30.1357421875,259,0.0,RGBA,0.27022946859903385,assets/resources/textures/ui/area/route_card_default.png,exact,## 9. AreaSelect 路线选择,必须新增,ui.area.route_card,0.0,0.0,0.0,720,0.0,720,hard_alpha_panel_edge
assets/resources/textures/ui/area/route_card_locked.png,0.0,0.043780193236714976,textures/ui/area/route_card_locked,,70.0,59.73588362520185,0.0,0.0,PNG,PNG RGBA,0.0,92,True,92,27.6494140625,260,0.0,RGBA,0.0,assets/resources/textures/ui/area/route_card_locked.png,exact,## 9. AreaSelect 路线选择,必须新增,ui.area.route_card_locked,0.0,0.0,0.0,720,0.0,720,hard_alpha_panel_edge
assets/resources/textures/ui/area/btn_start.png,0.0,0.1370614035087719,textures/ui/area/btn_start,,60.0,7.250590555174029,0.0,0.0,PNG,PNG RGBA,0.0,76,True,76,13.0908203125,261,0.0,RGBA,0.3673245614035088,assets/resources/textures/ui/area/btn_start.png,exact,## 9. AreaSelect 路线选择,必须重做,ui.area.start_btn,0.0,0.0,0.0,240,0.0,240,
assets/resources/textures/ui/area/btn_back.png,0.0,0.09558823529411765,textures/ui/area/btn_back,,50.0,31.687363127942866,0.0,0.0,PNG,PNG RGBA,0.0,68,True,68,9.55859375,262,0.0,RGBA,0.0,assets/resources/textures/ui/area/btn_back.png,exact,## 9. AreaSelect 路线选择,必须重做,ui.area.back_btn,0.0,0.0,0.0,200,0.0,200,
assets/resources/textures/ui/shop/shop_bg.png,3.4454345703125,19.87457275390625,textures/ui/shop/shop_bg,,850.0,3.6430372277186494,0.0,0.0,PNG,PNG/JPG,0.0,720,True,256,60.0244140625,276,0.0,RGBA,47.89581298828125,assets/resources/textures/ui/shop/shop_bg.png,exact,## 10. Shop 商店,必须重做,ui.shop.bg,0.0,0.0,0.0,1280,1.64947509765625,256,size_mismatch_expected_1280x720
assets/resources/textures/ui/shop/shop_shelf_panel.png,45.734146341463415,0.04024390243902439,textures/ui/shop/shop_shelf_panel,,160.0,77.73205163040166,0.0,0.0,PNG,PNG RGBA,0.0,500,True,500,121.1455078125,277,0.0,RGBA,1.0321951219512195,assets/resources/textures/ui/shop/shop_shelf_panel.png,exact,## 10. Shop 商店,必须新增,ui.shop.shelf_panel,0.0,0.0,0.0,820,0.0,820,
assets/resources/textures/ui/shop/shop_slot.png,0.0,0.040123456790123455,textures/ui/shop/shop_slot,,60.0,5.589604365913102,0.0,0.0,PNG,PNG RGBA,0.0,180,True,180,21.2744140625,278,0.0,RGBA,0.0,assets/resources/textures/ui/shop/shop_slot.png,exact,## 10. Shop 商店,必须重做,ui.shop.slot,0.0,0.0,0.0,180,0.0,180,
assets/resources/textures/ui/shop/btn_buy.png,0.0,0.11284722222222221,textures/ui/shop/btn_buy,,45.0,31.92817711652014,0.0,0.0,PNG,PNG RGBA,0.0,64,True,64,6.2763671875,279,0.0,RGBA,0.026041666666666668,assets/resources/textures/ui/shop/btn_buy.png,exact,## 10. Shop 商店,必须新增,ui.shop.buy_btn,0.0,0.0,0.0,180,0.0,180,
assets/resources/textures/ui/shop/coin_panel.png,0.0,0.078125,textures/ui/shop/coin_panel,,45.0,69.47990943427882,0.0,0.0,PNG,PNG RGBA,0.0,64,True,64,10.0546875,280,0.0,RGBA,1.2620192307692308,assets/resources/textures/ui/shop/coin_panel.png,exact,## 10. Shop 商店,必须新增,ui.shop.coin_panel,0.0,0.0,0.0,260,0.0,260,hard_alpha_panel_edge
assets/resources/textures/ui/shop/icon_coin.png,0.0,44.17317708333333,textures/ui/shop/icon_coin,,30.0,81.2234318137359,3.7760416666666665,0.0,PNG,PNG RGBA,0.0,96,True,96,19.2578125,281,0.0,RGBA,15.45138888888889,assets/resources/textures/ui/shop/icon_coin.png,exact,## 10. Shop 商店,可保留或重做,ui.shop.coin_icon,0.0,0.0,0.0,96,8.22482638888889,96,
assets/resources/textures/ui/log/log_bg.jpg,0.0,0.0,textures/ui/log/log_bg,,800.0,82.92481452559308,0.0,0,JPEG,PNG/JPG,0,720,False,720,226.2236328125,293,0,RGB,0.08029513888888888,assets/resources/textures/ui/log/log_bg.png,extension_mismatch,## 11. AdventureLog 日志,必须新增,ui.log.bg,0.0,0.0,0.0,1280,0.015950520833333332,1280,extension_mismatch_doc_vs_file
assets/resources/textures/ui/log/log_book_panel.png,0.0,0.04007475083056478,textures/ui/log/log_book_panel,,180.0,24.489994218268187,0.0,0.0,PNG,PNG RGBA,0.0,560,True,560,157.4931640625,294,0.0,RGBA,0.08845514950166113,assets/resources/textures/ui/log/log_book_panel.png,exact,## 11. AdventureLog 日志,必须新增,ui.log.book_panel,0.0,0.0,0.0,860,0.0,860,hard_alpha_panel_edge
assets/resources/textures/ui/log/btn_close.png,0.0,44.17317708333333,textures/ui/log/btn_close,,30.0,85.10879989743079,0.0,0.0,PNG,PNG RGBA,0.0,96,True,96,22.5830078125,295,0.0,RGBA,0.18446180555555555,assets/resources/textures/ui/log/btn_close.png,exact,## 11. AdventureLog 日志,必须重做,ui.log.close_btn,0.0,0.0,0.0,96,0.010850694444444444,96,button_center_too_busy_risk
assets/resources/textures/ui/log/stat_row.png,0.0,0.0019290123456790122,textures/ui/log/stat_row,,55.0,100.42785039332041,0.0,0.0,PNG,PNG RGBA,0.0,72,True,72,14.8466796875,296,0.0,RGBA,0.0,assets/resources/textures/ui/log/stat_row.png,exact,## 11. AdventureLog 日志,建议新增,ui.log.stat_row,0.0,0.0,0.0,720,0.0,720,
assets/resources/textures/ui/log/trophy_icon.png,0.0,44.17317708333333,textures/ui/log/trophy_icon,,35.0,100.30183775293709,9.483506944444445,0.0,PNG,PNG RGBA,0.0,96,True,96,20.77734375,297,0.0,RGBA,21.875,assets/resources/textures/ui/log/trophy_icon.png,exact,## 11. AdventureLog 日志,建议新增,ui.log.trophy_icon,0.0,0.0,0.0,96,11.469184027777777,96,visible_checker_or_fake_transparency_risk
assets/resources/textures/ui/settings/settings_bg.jpg,0.0,0.0,textures/ui/settings/settings_bg,,800.0,79.55446011683314,0.0,0,JPEG,PNG/JPG,0,720,False,720,230.783203125,309,0,RGB,0.03656684027777778,assets/resources/textures/ui/settings/settings_bg.png,extension_mismatch,## 12. Settings 设置,必须新增,ui.settings.bg,0.0,0.0,0.0,1280,0.025173611111111112,1280,extension_mismatch_doc_vs_file
assets/resources/textures/ui/settings/settings_panel.png,0.0,0.04175101214574899,textures/ui/settings/settings_panel,,150.0,63.864042051926944,0.0,0.0,PNG,PNG RGBA,0.0,520,True,520,103.552734375,310,0.0,RGBA,0.3775303643724696,assets/resources/textures/ui/settings/settings_panel.png,exact,## 12. Settings 设置,必须新增,ui.settings.panel,0.0,0.0,0.0,760,0.0,760,hard_alpha_panel_edge
assets/resources/textures/ui/settings/btn_reset.png,0.0,0.005787037037037038,textures/ui/settings/btn_reset,,55.0,2.153997325229241,0.0,0.0,PNG,PNG RGBA,0.0,72,True,72,24.5107421875,311,0.0,RGBA,0.0,assets/resources/textures/ui/settings/btn_reset.png,exact,## 12. Settings 设置,必须重做,ui.settings.reset_btn,0.0,0.0,0.0,240,0.0,240,
assets/resources/textures/ui/settings/btn_close.png,0.0,44.17317708333333,textures/ui/settings/btn_close,,30.0,66.07864122105175,0.0,0.0,PNG,PNG RGBA,0.0,96,True,96,22.8935546875,312,0.0,RGBA,0.0,assets/resources/textures/ui/settings/btn_close.png,exact,## 12. Settings 设置,建议重做,ui.settings.close_btn,0.0,0.0,0.0,96,0.0,96,
assets/resources/textures/ui/settlement/settlement_bg.jpg,0.0,0.0,textures/ui/settlement/settlement_bg,,800.0,97.57523436170499,0.00021701388888888888,0,JPEG,PNG/JPG,0,720,False,720,156.8447265625,324,0,RGB,0.1867404513888889,assets/resources/textures/ui/settlement/settlement_bg.png,extension_mismatch,## 13. Settlement 结算,必须新增,ui.settlement.bg,0.0,0.0,0.0,1280,0.0627170138888889,1280,extension_mismatch_doc_vs_file
assets/resources/textures/ui/settlement/result_panel.png,0.0,0.0,textures/ui/settlement/result_panel,,150.0,8.52452496582954,0.0,0,PNG,PNG RGBA,0,460,False,460,137.693359375,325,0,RGB,0.2617276887871854,assets/resources/textures/ui/settlement/result_panel.png,exact,## 13. Settlement 结算,必须重做,ui.settlement.result_panel,0.0,0.0,0.0,760,0.0,760,expected_png_rgba
assets/resources/textures/ui/settlement/btn_double.png,14.221491228070176,30.964912280701757,textures/ui/settlement/btn_double,,60.0,13.05422821031328,0.0,100.0,PNG,PNG RGBA,0.0,76,True,76,14.609375,326,0.0,RGBA,0.0,assets/resources/textures/ui/settlement/btn_double.png,exact,## 13. Settlement 结算,必须重做,ui.settlement.double_btn,1.381578947368421,0.0,0.0,240,0.0,240,visible_chroma_residue;transparent_rgb_chroma_pollution
assets/resources/textures/ui/settlement/btn_back.png,12.215909090909092,34.9810606060606,textures/ui/settlement/btn_back,,55.0,17.186904586877457,0.0,100.0,PNG,PNG RGBA,0.0,72,True,72,11.650390625,327,0.0,RGBA,0.0,assets/resources/textures/ui/settlement/btn_back.png,exact,## 13. Settlement 结算,必须重做,ui.settlement.back_btn,1.3257575757575757,0.0,0.0,220,0.0,220,visible_chroma_residue;transparent_rgb_chroma_pollution
assets/resources/textures/ui/settlement/soulstone_icon.png,11.219618055555555,70.97439236111111,textures/ui/settlement/soulstone_icon,,30.0,139.2165682467982,0.0,100.0,PNG,PNG RGBA,0.0,96,True,96,6.734375,328,0.0,RGBA,0.043402777777777776,assets/resources/textures/ui/settlement/soulstone_icon.png,exact,## 13. Settlement 结算,必须重做,ui.settlement.soulstone_icon,1.215277777777778,0.0,0.0,96,0.0,96,visible_chroma_residue;transparent_rgb_chroma_pollution
assets/resources/textures/ui/settlement/reward_strip.png,0.0,0.0,textures/ui/settlement/reward_strip,,70.0,24.37254185222179,0.0,0,PNG,PNG RGBA,0,90,False,90,43.546875,329,0,RGB,12.274193548387096,assets/resources/textures/ui/settlement/reward_strip.png,exact,## 13. Settlement 结算,必须新增,ui.settlement.reward_strip,0.0,0.0,0.0,620,0.0,620,expected_png_rgba
assets/resources/textures/ui/death/death_bg.jpg,0.0,0.0,textures/ui/death/death_bg,,800.0,93.61769186139358,0.0,0,JPEG,PNG/JPG,0,720,False,720,163.71875,343,0,RGB,0.2683376736111111,assets/resources/textures/ui/death/death_bg.png,extension_mismatch,## 14. Death 失败页,必须重做,ui.death.bg,0.0,0.0,0.0,1280,0.12999131944444445,1280,extension_mismatch_doc_vs_file
assets/resources/textures/ui/death/result_panel.png,0.0,0.0,textures/ui/death/result_panel,,150.0,11.330191607742776,0.0,0,PNG,PNG RGBA,0,460,False,460,144.0927734375,344,0,RGB,0.0,assets/resources/textures/ui/death/result_panel.png,exact,## 14. Death 失败页,必须重做,ui.death.result_panel,0.0,0.0,0.0,760,0.0,760,expected_png_rgba
assets/resources/textures/ui/death/btn_revive_active.png,11.798245614035089,36.60635964912281,textures/ui/death/btn_revive_active,,60.0,42.98032300638999,0.0,100.0,PNG,PNG RGBA,0.0,76,True,76,15.2431640625,345,0.0,RGBA,0.0,assets/resources/textures/ui/death/btn_revive_active.png,exact,## 14. Death 失败页,必须重做,ui.death.revive_btn_active,1.4802631578947367,0.0,0.0,240,0.0,240,visible_chroma_residue;transparent_rgb_chroma_pollution
assets/resources/textures/ui/death/btn_revive_default.png,8.848684210526315,38.29495614035088,textures/ui/death/btn_revive_default,,60.0,21.493848299152273,0.0,100.0,PNG,PNG RGBA,0.0,76,True,76,11.06640625,346,0.0,RGBA,0.09868421052631579,assets/resources/textures/ui/death/btn_revive_default.png,exact,## 14. Death 失败页,必须重做,ui.death.revive_btn_default,1.074561403508772,0.0,0.0,240,0.0,240,visible_chroma_residue;transparent_rgb_chroma_pollution
assets/resources/textures/ui/death/btn_settle_active.png,10.444078947368421,40.14254385964912,textures/ui/death/btn_settle_active,,60.0,40.04625584261421,0.0,100.0,PNG,PNG RGBA,0.0,76,True,76,13.158203125,347,0.0,RGBA,0.0,assets/resources/textures/ui/death/btn_settle_active.png,exact,## 14. Death 失败页,必须重做,ui.death.settle_btn_active,1.3980263157894737,0.0,0.0,240,0.0,240,visible_chroma_residue;transparent_rgb_chroma_pollution
assets/resources/textures/ui/death/btn_settle_default.png,11.332236842105264,32.75767543859649,textures/ui/death/btn_settle_default,,60.0,12.583382866114864,0.0,100.0,PNG,PNG RGBA,0.0,76,True,76,12.2138671875,348,0.0,RGBA,0.0,assets/resources/textures/ui/death/btn_settle_default.png,exact,## 14. Death 失败页,必须重做,ui.death.settle_btn_default,3.393640350877193,0.0,0.0,240,0.0,240,visible_chroma_residue;transparent_rgb_chroma_pollution
assets/resources/textures/ui/death/icon_soulstone.png,17.957899305555554,75.56423611111111,textures/ui/death/icon_soulstone,,30.0,94.13006687669866,0.0,100.0,PNG,PNG RGBA,0.0,96,True,96,6.693359375,349,0.0,RGBA,0.6293402777777778,assets/resources/textures/ui/death/icon_soulstone.png,exact,## 14. Death 失败页,建议重做,ui.death.soulstone_icon,1.7144097222222223,0.0,0.0,96,0.564236111111111,96,visible_chroma_residue;transparent_rgb_chroma_pollution
assets/resources/textures/ui/hud/hud_hpbar_bg.png,0.0,0.08597883597883597,textures/ui/hud/hud_hpbar_bg,,45.0,32.804338768621214,0.006613756613756614,0.0,PNG,PNG RGBA,0.0,42,True,42,23.2734375,364,0.0,RGBA,3.439153439153439,assets/resources/textures/ui/hud/hud_hpbar_bg.png,exact,## 15. Battle HUD 战斗界面,必须重做,ui.hud.hpbar_bg,0.0,0.2843915343915344,0.0,360,1.5476190476190477,360,
assets/resources/textures/ui/hud/hud_hpbar_fill.png,0.0,0.052521008403361345,textures/ui/hud/hud_hpbar_fill,,35.0,126.71309984121027,0.7668067226890756,0.0,PNG,PNG RGBA,0.0,28,True,28,10.3515625,365,0.0,RGBA,81.14495798319328,assets/resources/textures/ui/hud/hud_hpbar_fill.png,exact,## 15. Battle HUD 战斗界面,必须重做,ui.hud.hpbar_fill,0.0,0.0,0.0,340,8.109243697478991,340,
assets/resources/textures/ui/hud/hud_hpbar_frame.png,0.0,0.12183235867446393,textures/ui/hud/hud_hpbar_frame,,55.0,72.8241604315388,0.4775828460038986,0.0,PNG,PNG RGBA,0.0,54,True,54,34.833984375,366,0.0,RGBA,0.1851851851851852,assets/resources/textures/ui/hud/hud_hpbar_frame.png,exact,## 15. Battle HUD 战斗界面,必须重做,ui.hud.hpbar_frame,0.0,0.7212475633528265,0.0,380,0.029239766081871347,380,hard_alpha_panel_edge
assets/resources/textures/ui/hud/hud_skillslot.png,0.0,29.54644097222222,textures/ui/hud/hud_skillslot,,35.0,55.02451084736844,0.0,0.0,PNG,PNG RGBA,0.0,96,True,96,22.0205078125,367,0.0,RGBA,0.054253472222222224,assets/resources/textures/ui/hud/hud_skillslot.png,exact,## 15. Battle HUD 战斗界面,必须重做,ui.hud.skillslot,0.0,0.0,0.0,96,0.043402777777777776,96,
assets/resources/textures/ui/hud/hud_cdmask.png,0.0,29.54644097222222,textures/ui/hud/hud_cdmask,,20.0,77.99640321556204,4.817708333333334,0.0,PNG,PNG RGBA,0.0,96,True,96,15.69921875,368,0.0,RGBA,11.23046875,assets/resources/textures/ui/hud/hud_cdmask.png,exact,## 15. Battle HUD 战斗界面,必须重做,ui.hud.cdmask,0.0,0.0,0.0,96,3.4071180555555554,96,visible_checker_or_fake_transparency_risk
assets/resources/textures/ui/hud/hud_rollbtn.png,0.0,28.020833333333332,textures/ui/hud/hud_rollbtn,,45.0,98.88189955462765,0.0,0.0,PNG,PNG RGBA,0.24783147459727387,120,True,120,36.185546875,369,0.0,RGBA,1.4305555555555556,assets/resources/textures/ui/hud/hud_rollbtn.png,exact,## 15. Battle HUD 战斗界面,必须重做,ui.hud.rollbtn,0.0,0.3680555555555555,0.0,120,0.5208333333333333,120,
assets/resources/textures/ui/hud/joystick_base.png,0.0,24.194444444444443,textures/ui/hud/joystick_base,,55.0,97.24883213882893,0.0,0.0,PNG,PNG RGBA,0.0,180,True,180,42.9326171875,370,0.0,RGBA,1.1388888888888888,assets/resources/textures/ui/hud/joystick_base.png,exact,## 15. Battle HUD 战斗界面,必须重做,ui.joystick.base,0.0,0.0,0.0,180,0.0,180,
assets/resources/textures/ui/hud/joystick_dot.png,0.0,27.001549586776857,textures/ui/hud/joystick_dot,,30.0,93.51349829749927,0.5036157024793388,0.0,PNG,PNG RGBA,0.0,88,True,88,18.5234375,371,0.0,RGBA,1.8724173553719008,assets/resources/textures/ui/hud/joystick_dot.png,exact,## 15. Battle HUD 战斗界面,必须重做,ui.joystick.dot,0.0,0.0,0.0,88,0.47778925619834706,88,
assets/resources/textures/ui/hud/floor_badge.png,0.0,0.043706293706293704,textures/ui/hud/floor_badge,,35.0,67.2572741632509,0.0,0.0,PNG,PNG RGBA,0.0,52,True,52,22.1455078125,372,0.0,RGBA,0.0,assets/resources/textures/ui/hud/floor_badge.png,exact,## 15. Battle HUD 战斗界面,建议新增,ui.hud.floor_badge,0.0,0.0,0.0,220,0.0,220,
assets/resources/textures/ui/hud/kill_badge.png,0.0,0.043706293706293704,textures/ui/hud/kill_badge,,35.0,51.47227858514484,3.6276223776223775,0.0,PNG,PNG RGBA,0.0,52,True,52,18.818359375,373,0.0,RGBA,39.51923076923077,assets/resources/textures/ui/hud/kill_badge.png,exact,## 15. Battle HUD 战斗界面,建议新增,ui.hud.kill_badge,0.0,0.0,0.0,220,36.82692307692308,220,
assets/resources/textures/ui/hud/pause_btn.png,0.0,28.22145061728395,textures/ui/hud/pause_btn,,25.0,66.63442355840226,8.121141975308642,0.0,PNG,PNG RGBA,0.0,72,True,72,13.8994140625,374,0.0,RGBA,11.689814814814815,assets/resources/textures/ui/hud/pause_btn.png,exact,## 15. Battle HUD 战斗界面,建议新增,ui.hud.pause_btn,0.0,0.28935185185185186,0.0,72,6.172839506172839,72,visible_checker_or_fake_transparency_risk
assets/resources/textures/ui/map/map_panel.png,25.601388888888888,0.04781746031746032,textures/ui/map/map_panel,,160.0,73.1376988061179,0.0,0.0,PNG,PNG RGBA,0.0,560,True,560,122.876953125,386,0.0,RGBA,0.0,assets/resources/textures/ui/map/map_panel.png,exact,## 16. DungeonMap 地牢地图,必须新增,ui.map.panel,0.0,0.0,0.0,900,0.0,900,
assets/resources/textures/ui/map/map_node_current.png,0.0,27.421875,textures/ui/map/map_node_current,,25.0,80.53663171409376,0.03125,0.0,PNG,PNG RGBA,0.0,80,True,80,14.9814453125,387,0.0,RGBA,1.859375,assets/resources/textures/ui/map/map_node_current.png,exact,## 16. DungeonMap 地牢地图,必须重做,ui.map.node_current,0.0,0.0,0.0,80,1.34375,80,
assets/resources/textures/ui/map/map_node_unknown.png,0.0,27.421875,textures/ui/map/map_node_unknown,,25.0,59.0982845877182,0.234375,0.0,PNG,PNG RGBA,0.0,80,True,80,14.41015625,388,0.0,RGBA,0.0,assets/resources/textures/ui/map/map_node_unknown.png,exact,## 16. DungeonMap 地牢地图,必须重做,ui.map.node_unknown,0.0,0.0,0.0,80,0.0,80,
assets/resources/textures/ui/map/map_node_visited.png,0.0,27.421875,textures/ui/map/map_node_visited,,25.0,62.87099468264343,5.46875,0.0,PNG,PNG RGBA,0.0,80,True,80,15.5087890625,389,0.0,RGBA,14.015625000000002,assets/resources/textures/ui/map/map_node_visited.png,exact,## 16. DungeonMap 地牢地图,必须重做,ui.map.node_visited,0.0,0.0,0.0,80,1.4375,80,visible_checker_or_fake_transparency_risk
assets/resources/textures/ui/upgrade/upgrade_bg.jpg,0.0,0.0,textures/ui/upgrade/upgrade_bg,,800.0,91.94237184958068,0.0022786458333333335,0,JPEG,PNG/JPG,0,720,False,720,193.44140625,403,0,RGB,0.4819878472222222,assets/resources/textures/ui/upgrade/upgrade_bg.png,extension_mismatch,## 17. Upgrade 升级选择,必须新增,ui.upgrade.bg,0.0,0.0,0.0,1280,0.07660590277777779,1280,extension_mismatch_doc_vs_file
assets/resources/textures/ui/upgrade/card_frame_common.png,0.0,0.13095238095238096,textures/ui/upgrade/card_frame_common,,100.0,82.61971954375359,0.0,0.0,PNG,PNG RGBA,0.0,420,True,420,85.1083984375,404,0.0,RGBA,0.0,assets/resources/textures/ui/upgrade/card_frame_common.png,exact,## 17. Upgrade 升级选择,必须重做,ui.upgrade.card_common,0.0,0.0,0.0,300,0.0,300,hard_alpha_panel_edge
assets/resources/textures/ui/upgrade/card_frame_rare.png,0.0,0.13095238095238096,textures/ui/upgrade/card_frame_rare,,110.0,80.2523837422149,0.0,0.0,PNG,PNG RGBA,0.0,420,True,420,94.080078125,405,0.0,RGBA,0.6436507936507937,assets/resources/textures/ui/upgrade/card_frame_rare.png,exact,## 17. Upgrade 升级选择,必须重做,ui.upgrade.card_rare,0.0,0.0,0.0,300,0.6436507936507937,300,hard_alpha_panel_edge
assets/resources/textures/ui/upgrade/card_frame_epic.png,0.0,0.13095238095238096,textures/ui/upgrade/card_frame_epic,,120.0,69.27732648409552,0.0,0.0,PNG,PNG RGBA,0.0,420,True,420,95.08984375,406,0.0,RGBA,0.2380952380952381,assets/resources/textures/ui/upgrade/card_frame_epic.png,exact,## 17. Upgrade 升级选择,必须重做,ui.upgrade.card_epic,0.0,0.0,0.006349206349206349,300,0.2380952380952381,300,hard_alpha_panel_edge
assets/resources/textures/ui/upgrade/btn_pick.png,0.0,0.0984848484848485,textures/ui/upgrade/btn_pick,,50.0,70.99617488215951,0.0,0.0,PNG,PNG RGBA,0.0,66,True,66,26.5380859375,407,0.0,RGBA,0.007575757575757576,assets/resources/textures/ui/upgrade/btn_pick.png,exact,## 17. Upgrade 升级选择,必须新增,ui.upgrade.pick_btn,0.0,0.0,0.0,200,0.007575757575757576,200,
assets/resources/textures/ui/equipment/equipment_bg.jpg,0.0,0.0,textures/ui/equipment/equipment_bg,,800.0,121.50643732920315,0.0015190972222222222,0,JPEG,PNG/JPG,0,720,False,720,272.828125,444,0,RGB,0.46343315972222227,assets/resources/textures/ui/equipment/equipment_bg.png,extension_mismatch,## 18. Equipment 装备,必须新增,ui.equipment.bg,0.0,0.0,0.0,1280,0.04275173611111111,1280,extension_mismatch_doc_vs_file
assets/resources/textures/ui/equipment/equip_body_frame.png,0.0,0.020604395604395604,textures/ui/equipment/equip_body_frame,,130.0,136.03949664482272,0.0,0.0,PNG,PNG RGBA,0.0,520,True,520,124.4462890625,445,0.0,RGBA,0.3484432234432234,assets/resources/textures/ui/equipment/equip_body_frame.png,exact,## 18. Equipment 装备,必须重做,ui.equipment.body_frame,0.0,0.0,0.0,420,0.0,420,hard_alpha_panel_edge
assets/resources/textures/ui/equipment/inventory_panel.png,0.0,0.020161290322580645,textures/ui/equipment/inventory_panel,,140.0,32.16624682171301,0.9395161290322581,0.0,PNG,PNG RGBA,0.0,520,True,520,80.9453125,446,0.0,RGBA,2.9246277915632755,assets/resources/textures/ui/equipment/inventory_panel.png,exact,## 18. Equipment 装备,必须新增,ui.equipment.inventory_panel,0.0,0.0,0.0,620,0.0,620,hard_alpha_panel_edge
assets/resources/textures/ui/equipment/inventory_slot.png,0.0,0.34262759924385633,textures/ui/equipment/inventory_slot,,30.0,24.18334888174992,11.554820415879018,0.0,PNG,PNG RGBA,0.0,92,True,92,17.654296875,447,0.0,RGBA,13.468809073724008,assets/resources/textures/ui/equipment/inventory_slot.png,exact,## 18. Equipment 装备,必须重做,ui.equipment.inventory_slot,0.0,0.0,0.0,92,9.002835538752363,92,visible_checker_or_fake_transparency_risk
assets/resources/textures/ui/equipment/item_slot.png,0.0,26.594990548204162,textures/ui/equipment/item_slot,,30.0,94.58907405222175,0.0,0.0,PNG,PNG RGBA,0.0,92,True,92,21.8623046875,448,0.0,RGBA,0.0,assets/resources/textures/ui/equipment/item_slot.png,exact,## 18. Equipment 装备,必须重做,ui.equipment.item_slot,0.0,0.0,0.0,92,0.0,92,
assets/resources/textures/ui/equipment/set_counter_bg.png,0.0,0.09232954545454546,textures/ui/equipment/set_counter_bg,,45.0,67.66246601356924,0.028409090909090908,0.0,PNG,PNG RGBA,0.0,64,True,64,25.53125,449,0.0,RGBA,0.1633522727272727,assets/resources/textures/ui/equipment/set_counter_bg.png,exact,## 18. Equipment 装备,必须重做,ui.equipment.set_counter_bg,0.0,0.0,0.0,220,0.11363636363636363,220,
assets/resources/textures/ui/equipment/btn_equip.png,0.0,0.11284722222222221,textures/ui/equipment/btn_equip,,45.0,49.14702993862373,0.0,0.0,PNG,PNG RGBA,0.0,64,True,64,24.849609375,450,0.0,RGBA,0.0,assets/resources/textures/ui/equipment/btn_equip.png,exact,## 18. Equipment 装备,必须新增,ui.equipment.equip_btn,0.0,0.0,0.0,180,0.0,180,
assets/resources/textures/ui/equipment/btn_close.png,0.0,26.551649305555557,textures/ui/equipment/btn_close,,30.0,88.0068579726575,0.07595486111111112,0.0,PNG,PNG RGBA,0.0,96,True,96,21.369140625,451,0.0,RGBA,0.35807291666666663,assets/resources/textures/ui/equipment/btn_close.png,exact,## 18. Equipment 装备,必须新增,ui.equipment.close_btn,0.0,0.0,0.0,96,0.043402777777777776,96,button_center_too_busy_risk
assets/resources/textures/ui/event/event_bg.jpg,0.0,0.0,textures/ui/event/event_bg,,800.0,81.24142144613273,0.0,0,JPEG,PNG/JPG,0,720,False,720,197.0,465,0,RGB,0.2336154513888889,assets/resources/textures/ui/event/event_bg.png,extension_mismatch,## 19. Event / Marquee 事件界面,必须新增,ui.event.bg,0.0,0.0,0.0,1280,0.04188368055555555,1280,extension_mismatch_doc_vs_file
assets/resources/textures/ui/event/event_panel.png,0.0,0.038696060037523454,textures/ui/event/event_panel,,150.0,5.831360766208342,0.0,0.0,PNG,PNG RGBA,0.0,520,True,520,136.630859375,466,0.0,RGBA,0.0,assets/resources/textures/ui/event/event_panel.png,exact,## 19. Event / Marquee 事件界面,必须新增,ui.event.panel,0.0,0.0,0.0,820,0.0,820,hard_alpha_panel_edge
assets/resources/textures/ui/event/choice_card.png,0.0,0.0014467592592592594,textures/ui/event/choice_card,,70.0,28.658177320279123,0.0,0.0,PNG,PNG RGBA,0.0,96,True,96,28.18359375,467,0.0,RGBA,1.7404513888888888,assets/resources/textures/ui/event/choice_card.png,exact,## 19. Event / Marquee 事件界面,必须新增,ui.event.choice_card,0.0,0.0,0.0,720,0.0,720,hard_alpha_panel_edge
assets/resources/textures/ui/event/btn_continue.png,0.0,0.005482456140350877,textures/ui/event/btn_continue,,60.0,70.2912155169397,0.0,0.0,PNG,PNG RGBA,0.0,76,True,76,20.123046875,468,0.0,RGBA,0.0,assets/resources/textures/ui/event/btn_continue.png,exact,## 19. Event / Marquee 事件界面,必须新增,ui.event.continue_btn,0.0,0.0,0.0,240,0.0,240,
