path,in_manifest,exists,width,height,mode,has_alpha,size_kb,meta_exists,sprite_frame_uuid,reference_count,possible_reference_count,used_by,issues,cleanup_reasons
arts/placeholders/abyss_caster.png,False,True,32,32,RGBA,True,0.25,True,,0,0,unknown,extra_file_not_in_textures_manifest;missing_sprite_frame_uuid;duplicate_binary:arts/placeholders/abyss_caster.png|arts/placeholders/abyss_flyer.png,duplicate_binary_unreferenced;extra_file_not_in_textures_manifest
arts/placeholders/abyss_elite.png,False,True,32,32,RGBA,True,0.28,True,,0,0,unknown,extra_file_not_in_textures_manifest;missing_sprite_frame_uuid,extra_file_not_in_textures_manifest
arts/placeholders/abyss_finalboss.png,False,True,64,64,RGBA,True,0.53,True,,0,0,unknown,extra_file_not_in_textures_manifest;missing_sprite_frame_uuid,extra_file_not_in_textures_manifest
arts/placeholders/abyss_floor.png,False,True,16,16,RGBA,True,0.1,True,,0,0,unknown,extra_file_not_in_textures_manifest;missing_sprite_frame_uuid,extra_file_not_in_textures_manifest
arts/placeholders/abyss_flyer.png,False,True,32,32,RGBA,True,0.25,True,,0,0,unknown,extra_file_not_in_textures_manifest;missing_sprite_frame_uuid;duplicate_binary:arts/placeholders/abyss_caster.png|arts/placeholders/abyss_flyer.png,duplicate_binary_unreferenced;extra_file_not_in_textures_manifest
arts/placeholders/abyss_heavy.png,False,True,32,32,RGBA,True,0.14,True,,0,0,unknown,extra_file_not_in_textures_manifest;missing_sprite_frame_uuid,extra_file_not_in_textures_manifest
arts/placeholders/abyss_miniboss.png,False,True,48,48,RGBA,True,0.34,True,,0,0,unknown,extra_file_not_in_textures_manifest;missing_sprite_frame_uuid,extra_file_not_in_textures_manifest
arts/placeholders/abyss_rogue.png,False,True,32,32,RGBA,True,0.2,True,,0,0,unknown,extra_file_not_in_textures_manifest;missing_sprite_frame_uuid,extra_file_not_in_textures_manifest
arts/placeholders/abyss_slime.png,False,True,32,32,RGBA,True,0.25,True,,0,0,unknown,extra_file_not_in_textures_manifest;missing_sprite_frame_uuid;duplicate_binary:arts/placeholders/abyss_slime.png|arts/placeholders/abyss_soldier.png,duplicate_binary_unreferenced;extra_file_not_in_textures_manifest
arts/placeholders/abyss_soldier.png,False,True,32,32,RGBA,True,0.25,True,,0,0,unknown,extra_file_not_in_textures_manifest;missing_sprite_frame_uuid;duplicate_binary:arts/placeholders/abyss_slime.png|arts/placeholders/abyss_soldier.png,duplicate_binary_unreferenced;extra_file_not_in_textures_manifest
arts/placeholders/abyss_wall.png,False,True,16,16,RGBA,True,0.1,True,,0,0,unknown,extra_file_not_in_textures_manifest;missing_sprite_frame_uuid,extra_file_not_in_textures_manifest
arts/placeholders/btn_attack.png,False,True,32,32,RGBA,True,0.15,True,,0,0,unknown,extra_file_not_in_textures_manifest;missing_sprite_frame_uuid,extra_file_not_in_textures_manifest
arts/placeholders/btn_dodge.png,False,True,32,32,RGBA,True,0.15,True,,0,0,unknown,extra_file_not_in_textures_manifest;missing_sprite_frame_uuid,extra_file_not_in_textures_manifest
arts/placeholders/btn_skill.png,False,True,32,32,RGBA,True,0.15,True,,0,0,unknown,extra_file_not_in_textures_manifest;missing_sprite_frame_uuid,extra_file_not_in_textures_manifest
arts/placeholders/catacombs_caster.png,False,True,32,32,RGBA,True,0.26,True,,0,0,unknown,extra_file_not_in_textures_manifest;missing_sprite_frame_uuid;duplicate_binary:arts/placeholders/catacombs_caster.png|arts/placeholders/catacombs_flyer.png,duplicate_binary_unreferenced;extra_file_not_in_textures_manifest
arts/placeholders/catacombs_elite.png,False,True,32,32,RGBA,True,0.27,True,,0,0,unknown,extra_file_not_in_textures_manifest;missing_sprite_frame_uuid,extra_file_not_in_textures_manifest
arts/placeholders/catacombs_finalboss.png,False,True,64,64,RGBA,True,0.53,True,,0,0,unknown,extra_file_not_in_textures_manifest;missing_sprite_frame_uuid,extra_file_not_in_textures_manifest
arts/placeholders/catacombs_floor.png,False,True,16,16,RGBA,True,0.1,True,,0,0,unknown,extra_file_not_in_textures_manifest;missing_sprite_frame_uuid,extra_file_not_in_textures_manifest
arts/placeholders/catacombs_flyer.png,False,True,32,32,RGBA,True,0.26,True,,0,0,unknown,extra_file_not_in_textures_manifest;missing_sprite_frame_uuid;duplicate_binary:arts/placeholders/catacombs_caster.png|arts/placeholders/catacombs_flyer.png,duplicate_binary_unreferenced;extra_file_not_in_textures_manifest
arts/placeholders/catacombs_heavy.png,False,True,32,32,RGBA,True,0.15,True,,0,0,unknown,extra_file_not_in_textures_manifest;missing_sprite_frame_uuid,extra_file_not_in_textures_manifest
arts/placeholders/catacombs_miniboss.png,False,True,48,48,RGBA,True,0.34,True,,0,0,unknown,extra_file_not_in_textures_manifest;missing_sprite_frame_uuid,extra_file_not_in_textures_manifest
arts/placeholders/catacombs_rogue.png,False,True,32,32,RGBA,True,0.2,True,,0,0,unknown,extra_file_not_in_textures_manifest;missing_sprite_frame_uuid,extra_file_not_in_textures_manifest
arts/placeholders/catacombs_slime.png,False,True,32,32,RGBA,True,0.24,True,,0,0,unknown,extra_file_not_in_textures_manifest;missing_sprite_frame_uuid;duplicate_binary:arts/placeholders/catacombs_slime.png|arts/placeholders/catacombs_soldier.png,duplicate_binary_unreferenced;extra_file_not_in_textures_manifest
arts/placeholders/catacombs_soldier.png,False,True,32,32,RGBA,True,0.24,True,,0,0,unknown,extra_file_not_in_textures_manifest;missing_sprite_frame_uuid;duplicate_binary:arts/placeholders/catacombs_slime.png|arts/placeholders/catacombs_soldier.png,duplicate_binary_unreferenced;extra_file_not_in_textures_manifest
arts/placeholders/catacombs_wall.png,False,True,16,16,RGBA,True,0.1,True,,0,0,unknown,extra_file_not_in_textures_manifest;missing_sprite_frame_uuid,extra_file_not_in_textures_manifest
arts/placeholders/forest_caster.png,False,True,32,32,RGBA,True,0.26,True,,0,0,unknown,extra_file_not_in_textures_manifest;missing_sprite_frame_uuid;duplicate_binary:arts/placeholders/forest_caster.png|arts/placeholders/forest_flyer.png,duplicate_binary_unreferenced;extra_file_not_in_textures_manifest
arts/placeholders/forest_elite.png,False,True,32,32,RGBA,True,0.26,True,,0,0,unknown,extra_file_not_in_textures_manifest;missing_sprite_frame_uuid,extra_file_not_in_textures_manifest
arts/placeholders/forest_finalboss.png,False,True,64,64,RGBA,True,0.52,True,,0,0,unknown,extra_file_not_in_textures_manifest;missing_sprite_frame_uuid,extra_file_not_in_textures_manifest
arts/placeholders/forest_floor.png,False,True,16,16,RGBA,True,0.1,True,,0,0,unknown,extra_file_not_in_textures_manifest;missing_sprite_frame_uuid,extra_file_not_in_textures_manifest
arts/placeholders/forest_flyer.png,False,True,32,32,RGBA,True,0.26,True,,0,0,unknown,extra_file_not_in_textures_manifest;missing_sprite_frame_uuid;duplicate_binary:arts/placeholders/forest_caster.png|arts/placeholders/forest_flyer.png,duplicate_binary_unreferenced;extra_file_not_in_textures_manifest
arts/placeholders/forest_heavy.png,False,True,32,32,RGBA,True,0.15,True,,0,0,unknown,extra_file_not_in_textures_manifest;missing_sprite_frame_uuid,extra_file_not_in_textures_manifest
arts/placeholders/forest_miniboss.png,False,True,48,48,RGBA,True,0.34,True,,0,0,unknown,extra_file_not_in_textures_manifest;missing_sprite_frame_uuid,extra_file_not_in_textures_manifest
arts/placeholders/forest_rogue.png,False,True,32,32,RGBA,True,0.2,True,,0,0,unknown,extra_file_not_in_textures_manifest;missing_sprite_frame_uuid,extra_file_not_in_textures_manifest
arts/placeholders/forest_slime.png,False,True,32,32,RGBA,True,0.25,True,,0,0,unknown,extra_file_not_in_textures_manifest;missing_sprite_frame_uuid;duplicate_binary:arts/placeholders/forest_slime.png|arts/placeholders/forest_soldier.png,duplicate_binary_unreferenced;extra_file_not_in_textures_manifest
arts/placeholders/forest_soldier.png,False,True,32,32,RGBA,True,0.25,True,,0,0,unknown,extra_file_not_in_textures_manifest;missing_sprite_frame_uuid;duplicate_binary:arts/placeholders/forest_slime.png|arts/placeholders/forest_soldier.png,duplicate_binary_unreferenced;extra_file_not_in_textures_manifest
arts/placeholders/forest_wall.png,False,True,16,16,RGBA,True,0.1,True,,0,0,unknown,extra_file_not_in_textures_manifest;missing_sprite_frame_uuid,extra_file_not_in_textures_manifest
arts/placeholders/icon_element.png,False,True,32,32,RGBA,True,0.24,True,,0,0,unknown,extra_file_not_in_textures_manifest;missing_sprite_frame_uuid,extra_file_not_in_textures_manifest
arts/placeholders/icon_gold.png,False,True,32,32,RGBA,True,0.23,True,,0,0,unknown,extra_file_not_in_textures_manifest;missing_sprite_frame_uuid,extra_file_not_in_textures_manifest
arts/placeholders/icon_hp.png,False,True,32,32,RGBA,True,0.24,True,,0,0,unknown,extra_file_not_in_textures_manifest;missing_sprite_frame_uuid,extra_file_not_in_textures_manifest
arts/placeholders/icon_key.png,False,True,32,32,RGBA,True,0.24,True,,0,0,unknown,extra_file_not_in_textures_manifest;missing_sprite_frame_uuid,extra_file_not_in_textures_manifest
arts/placeholders/icon_soul.png,False,True,32,32,RGBA,True,0.24,True,,0,0,unknown,extra_file_not_in_textures_manifest;missing_sprite_frame_uuid,extra_file_not_in_textures_manifest
arts/placeholders/swamp_caster.png,False,True,32,32,RGBA,True,0.26,True,,0,0,unknown,extra_file_not_in_textures_manifest;missing_sprite_frame_uuid;duplicate_binary:arts/placeholders/swamp_caster.png|arts/placeholders/swamp_flyer.png,duplicate_binary_unreferenced;extra_file_not_in_textures_manifest
arts/placeholders/swamp_elite.png,False,True,32,32,RGBA,True,0.27,True,,0,0,unknown,extra_file_not_in_textures_manifest;missing_sprite_frame_uuid,extra_file_not_in_textures_manifest
arts/placeholders/swamp_finalboss.png,False,True,64,64,RGBA,True,0.53,True,,0,0,unknown,extra_file_not_in_textures_manifest;missing_sprite_frame_uuid,extra_file_not_in_textures_manifest
arts/placeholders/swamp_floor.png,False,True,16,16,RGBA,True,0.1,True,,0,0,unknown,extra_file_not_in_textures_manifest;missing_sprite_frame_uuid,extra_file_not_in_textures_manifest
arts/placeholders/swamp_flyer.png,False,True,32,32,RGBA,True,0.26,True,,0,0,unknown,extra_file_not_in_textures_manifest;missing_sprite_frame_uuid;duplicate_binary:arts/placeholders/swamp_caster.png|arts/placeholders/swamp_flyer.png,duplicate_binary_unreferenced;extra_file_not_in_textures_manifest
arts/placeholders/swamp_heavy.png,False,True,32,32,RGBA,True,0.15,True,,0,0,unknown,extra_file_not_in_textures_manifest;missing_sprite_frame_uuid,extra_file_not_in_textures_manifest
arts/placeholders/swamp_miniboss.png,False,True,48,48,RGBA,True,0.34,True,,0,0,unknown,extra_file_not_in_textures_manifest;missing_sprite_frame_uuid,extra_file_not_in_textures_manifest
arts/placeholders/swamp_rogue.png,False,True,32,32,RGBA,True,0.2,True,,0,0,unknown,extra_file_not_in_textures_manifest;missing_sprite_frame_uuid,extra_file_not_in_textures_manifest
arts/placeholders/swamp_slime.png,False,True,32,32,RGBA,True,0.25,True,,0,0,unknown,extra_file_not_in_textures_manifest;missing_sprite_frame_uuid;duplicate_binary:arts/placeholders/swamp_slime.png|arts/placeholders/swamp_soldier.png,duplicate_binary_unreferenced;extra_file_not_in_textures_manifest
arts/placeholders/swamp_soldier.png,False,True,32,32,RGBA,True,0.25,True,,0,0,unknown,extra_file_not_in_textures_manifest;missing_sprite_frame_uuid;duplicate_binary:arts/placeholders/swamp_slime.png|arts/placeholders/swamp_soldier.png,duplicate_binary_unreferenced;extra_file_not_in_textures_manifest
arts/placeholders/swamp_wall.png,False,True,16,16,RGBA,True,0.1,True,,0,0,unknown,extra_file_not_in_textures_manifest;missing_sprite_frame_uuid,extra_file_not_in_textures_manifest
arts/placeholders/tundra_caster.png,False,True,32,32,RGBA,True,0.26,True,,0,0,unknown,extra_file_not_in_textures_manifest;missing_sprite_frame_uuid;duplicate_binary:arts/placeholders/tundra_caster.png|arts/placeholders/tundra_flyer.png,duplicate_binary_unreferenced;extra_file_not_in_textures_manifest
arts/placeholders/tundra_elite.png,False,True,32,32,RGBA,True,0.26,True,,0,0,unknown,extra_file_not_in_textures_manifest;missing_sprite_frame_uuid,extra_file_not_in_textures_manifest
arts/placeholders/tundra_finalboss.png,False,True,64,64,RGBA,True,0.52,True,,0,0,unknown,extra_file_not_in_textures_manifest;missing_sprite_frame_uuid,extra_file_not_in_textures_manifest
arts/placeholders/tundra_floor.png,False,True,16,16,RGBA,True,0.1,True,,0,0,unknown,extra_file_not_in_textures_manifest;missing_sprite_frame_uuid,extra_file_not_in_textures_manifest
arts/placeholders/tundra_flyer.png,False,True,32,32,RGBA,True,0.26,True,,0,0,unknown,extra_file_not_in_textures_manifest;missing_sprite_frame_uuid;duplicate_binary:arts/placeholders/tundra_caster.png|arts/placeholders/tundra_flyer.png,duplicate_binary_unreferenced;extra_file_not_in_textures_manifest
arts/placeholders/tundra_heavy.png,False,True,32,32,RGBA,True,0.15,True,,0,0,unknown,extra_file_not_in_textures_manifest;missing_sprite_frame_uuid,extra_file_not_in_textures_manifest
arts/placeholders/tundra_miniboss.png,False,True,48,48,RGBA,True,0.34,True,,0,0,unknown,extra_file_not_in_textures_manifest;missing_sprite_frame_uuid,extra_file_not_in_textures_manifest
arts/placeholders/tundra_rogue.png,False,True,32,32,RGBA,True,0.2,True,,0,0,unknown,extra_file_not_in_textures_manifest;missing_sprite_frame_uuid,extra_file_not_in_textures_manifest
arts/placeholders/tundra_slime.png,False,True,32,32,RGBA,True,0.25,True,,0,0,unknown,extra_file_not_in_textures_manifest;missing_sprite_frame_uuid;duplicate_binary:arts/placeholders/tundra_slime.png|arts/placeholders/tundra_soldier.png,duplicate_binary_unreferenced;extra_file_not_in_textures_manifest
arts/placeholders/tundra_soldier.png,False,True,32,32,RGBA,True,0.25,True,,0,0,unknown,extra_file_not_in_textures_manifest;missing_sprite_frame_uuid;duplicate_binary:arts/placeholders/tundra_slime.png|arts/placeholders/tundra_soldier.png,duplicate_binary_unreferenced;extra_file_not_in_textures_manifest
arts/placeholders/tundra_wall.png,False,True,16,16,RGBA,True,0.1,True,,0,0,unknown,extra_file_not_in_textures_manifest;missing_sprite_frame_uuid,extra_file_not_in_textures_manifest
arts/placeholders/volcano_caster.png,False,True,32,32,RGBA,True,0.26,True,,0,0,unknown,extra_file_not_in_textures_manifest;missing_sprite_frame_uuid;duplicate_binary:arts/placeholders/volcano_caster.png|arts/placeholders/volcano_flyer.png,duplicate_binary_unreferenced;extra_file_not_in_textures_manifest
arts/placeholders/volcano_elite.png,False,True,32,32,RGBA,True,0.27,True,,0,0,unknown,extra_file_not_in_textures_manifest;missing_sprite_frame_uuid,extra_file_not_in_textures_manifest
arts/placeholders/volcano_finalboss.png,False,True,64,64,RGBA,True,0.53,True,,0,0,unknown,extra_file_not_in_textures_manifest;missing_sprite_frame_uuid,extra_file_not_in_textures_manifest
arts/placeholders/volcano_floor.png,False,True,16,16,RGBA,True,0.1,True,,0,0,unknown,extra_file_not_in_textures_manifest;missing_sprite_frame_uuid,extra_file_not_in_textures_manifest
arts/placeholders/volcano_flyer.png,False,True,32,32,RGBA,True,0.26,True,,0,0,unknown,extra_file_not_in_textures_manifest;missing_sprite_frame_uuid;duplicate_binary:arts/placeholders/volcano_caster.png|arts/placeholders/volcano_flyer.png,duplicate_binary_unreferenced;extra_file_not_in_textures_manifest
arts/placeholders/volcano_heavy.png,False,True,32,32,RGBA,True,0.15,True,,0,0,unknown,extra_file_not_in_textures_manifest;missing_sprite_frame_uuid,extra_file_not_in_textures_manifest
arts/placeholders/volcano_miniboss.png,False,True,48,48,RGBA,True,0.34,True,,0,0,unknown,extra_file_not_in_textures_manifest;missing_sprite_frame_uuid,extra_file_not_in_textures_manifest
arts/placeholders/volcano_rogue.png,False,True,32,32,RGBA,True,0.2,True,,0,0,unknown,extra_file_not_in_textures_manifest;missing_sprite_frame_uuid,extra_file_not_in_textures_manifest
arts/placeholders/volcano_slime.png,False,True,32,32,RGBA,True,0.25,True,,0,0,unknown,extra_file_not_in_textures_manifest;missing_sprite_frame_uuid;duplicate_binary:arts/placeholders/volcano_slime.png|arts/placeholders/volcano_soldier.png,duplicate_binary_unreferenced;extra_file_not_in_textures_manifest
arts/placeholders/volcano_soldier.png,False,True,32,32,RGBA,True,0.25,True,,0,0,unknown,extra_file_not_in_textures_manifest;missing_sprite_frame_uuid;duplicate_binary:arts/placeholders/volcano_slime.png|arts/placeholders/volcano_soldier.png,duplicate_binary_unreferenced;extra_file_not_in_textures_manifest
arts/placeholders/volcano_wall.png,False,True,16,16,RGBA,True,0.1,True,,0,0,unknown,extra_file_not_in_textures_manifest;missing_sprite_frame_uuid,extra_file_not_in_textures_manifest
textures/backgrounds/bg_combat_abyss.png,True,True,1000,666,RGB,False,119.96,True,80af6d0b-ed56-45dd-a530-e894d296edca@f9941,0,0,unknown,csv_dimension_mismatch:750x500!=1000x666;missing_atlas_group;csv_alpha_mismatch:True!=False,
textures/backgrounds/bg_combat_catacombs.png,True,True,1000,666,RGB,False,105.14,True,120d798b-e1c3-42fe-967e-7e0b3215796b@f9941,0,0,unknown,csv_dimension_mismatch:750x500!=1000x666;missing_atlas_group;csv_alpha_mismatch:True!=False,
textures/backgrounds/bg_combat_forest.png,True,True,1000,666,RGB,False,102.86,True,6bfba5e2-88f3-49ff-b322-015d50db60fe@f9941,0,0,unknown,csv_dimension_mismatch:750x500!=1000x666;missing_atlas_group;csv_alpha_mismatch:True!=False,
textures/backgrounds/bg_combat_swamp.png,True,True,1000,666,RGB,False,114.79,True,6360cde1-b9ca-45c1-91c6-5f59e242b1df@f9941,0,0,unknown,csv_dimension_mismatch:750x500!=1000x666;missing_atlas_group;csv_alpha_mismatch:True!=False,
textures/backgrounds/bg_combat_tundra.png,True,True,1000,666,RGB,False,99.01,True,956a8345-c8b2-4d8c-a732-27ef40cc84c7@f9941,0,0,unknown,csv_dimension_mismatch:750x500!=1000x666;missing_atlas_group;csv_alpha_mismatch:True!=False,
textures/backgrounds/bg_combat_volcano.png,True,True,1000,666,RGB,False,112.96,True,c10a1863-1626-44a6-b8d1-cc97588c8da6@f9941,0,0,unknown,csv_dimension_mismatch:750x500!=1000x666;missing_atlas_group;csv_alpha_mismatch:True!=False,
textures/backgrounds/bg_event_abyss.png,True,True,1000,666,RGB,False,84.36,True,b400bdc4-af86-4e4f-b522-05d7b92484d7@f9941,0,0,unknown,csv_dimension_mismatch:750x500!=1000x666;missing_atlas_group;csv_alpha_mismatch:True!=False,
textures/backgrounds/bg_event_catacombs.png,True,True,1000,666,RGB,False,95.99,True,59daa3b6-2364-4c83-a450-cf241d22e052@f9941,0,0,unknown,csv_dimension_mismatch:750x500!=1000x666;missing_atlas_group;csv_alpha_mismatch:True!=False,
textures/backgrounds/bg_event_forest.png,True,True,1000,666,RGB,False,104.35,True,677b8b5a-efb1-4166-81d5-7d86e86dda31@f9941,0,0,unknown,csv_dimension_mismatch:750x500!=1000x666;missing_atlas_group;csv_alpha_mismatch:True!=False,
textures/backgrounds/bg_event_swamp.png,True,True,1000,666,RGB,False,105.54,True,251c283c-4c85-4beb-89d6-ba17ab14cda7@f9941,0,0,unknown,csv_dimension_mismatch:750x500!=1000x666;missing_atlas_group;csv_alpha_mismatch:True!=False,
textures/backgrounds/bg_event_tundra.png,True,True,1000,666,RGB,False,87.69,True,2ea92de6-c8ef-4d96-85ac-9a88012535a2@f9941,0,0,unknown,csv_dimension_mismatch:750x500!=1000x666;missing_atlas_group;csv_alpha_mismatch:True!=False,
textures/backgrounds/bg_event_volcano.png,True,True,1000,666,RGB,False,96.61,True,cbb33aef-8f78-4762-8c3a-e67946c928d9@f9941,0,0,unknown,csv_dimension_mismatch:750x500!=1000x666;missing_atlas_group;csv_alpha_mismatch:True!=False,
textures/backgrounds/bg_room_healing.png,True,True,1000,666,RGB,False,110.73,True,5607dd8d-700f-435f-8646-b90084caebff@f9941,0,0,unknown,csv_dimension_mismatch:750x500!=1000x666;missing_atlas_group;csv_alpha_mismatch:True!=False,
textures/backgrounds/bg_room_rest.png,True,True,1000,666,RGB,False,92.93,True,9d999eaa-fca2-40fe-a173-43b9ed495f64@f9941,0,0,unknown,csv_dimension_mismatch:750x500!=1000x666;missing_atlas_group;csv_alpha_mismatch:True!=False,
textures/backgrounds/bg_room_shop.png,True,True,1000,666,RGB,False,119.61,True,29889c8b-1e78-4667-9f5e-8be8cf14a7ac@f9941,0,0,unknown,csv_dimension_mismatch:750x500!=1000x666;missing_atlas_group;csv_alpha_mismatch:True!=False,
textures/backgrounds/bg_room_treasure.png,True,True,1000,666,RGB,False,117.34,True,8ecf0119-a466-4bc1-a2c9-840a7fb62dd3@f9941,0,0,unknown,csv_dimension_mismatch:750x500!=1000x666;missing_atlas_group;csv_alpha_mismatch:True!=False,
textures/backgrounds/bg_room_upgrade.png,True,True,1000,666,RGB,False,112.49,True,a6b19fec-43a7-49b2-a30f-2ce6456dd62f@f9941,0,0,unknown,csv_dimension_mismatch:750x500!=1000x666;missing_atlas_group;csv_alpha_mismatch:True!=False,
textures/bosses/finalboss/abyss/boss_abyssoverlord_attack.png,True,True,256,1024,RGBA,True,187.2,True,56fa1a5c-17d2-4170-968f-19f52490ba51@f9941,0,0,unknown,over_target_size:187.2KB>32.0KB;missing_atlas_group,
textures/bosses/finalboss/abyss/boss_abyssoverlord_death.png,True,True,64,256,RGBA,True,24.51,True,af36726b-c7ea-4c2c-9b47-0af686c19474@f9941,0,0,unknown,missing_atlas_group,
textures/bosses/finalboss/abyss/boss_abyssoverlord_idle.png,True,True,256,1024,RGBA,True,214.4,True,eb25389d-ba45-444b-887b-371ed306bedf@f9941,0,0,unknown,over_target_size:214.4KB>32.0KB;missing_atlas_group,
textures/bosses/finalboss/abyss/boss_abyssoverlord_phasechange.png,True,True,64,320,RGBA,True,25.82,True,c7f2d8f0-3ab1-49df-a054-408140a43ffe@f9941,0,0,unknown,missing_atlas_group,
textures/bosses/finalboss/abyss/boss_abyssoverlord_skill.png,True,True,256,1536,RGBA,True,192.14,True,59207083-eff6-47db-9336-f540a40eb95a@f9941,0,0,unknown,over_target_size:192.14KB>32.0KB;missing_atlas_group,
textures/bosses/finalboss/boss_abyssoverlord_attack.png,True,True,256,256,RGBA,True,60.78,True,47562b47-3e75-40f4-9bb9-337076fee125@f9941,0,0,unknown,over_target_size:60.78KB>32.0KB;missing_atlas_group,
textures/bosses/finalboss/boss_abyssoverlord_death.png,True,True,96,96,RGBA,True,0.87,True,550a8044-d865-4b91-9368-bc3070464666@f9941,0,0,unknown,missing_atlas_group,
textures/bosses/finalboss/boss_abyssoverlord_idle.png,True,True,256,256,RGBA,True,63.4,True,ae3fbee3-1fc5-4b25-a7e4-b337637d5c5a@f9941,0,0,unknown,over_target_size:63.4KB>32.0KB;missing_atlas_group,
textures/bosses/finalboss/boss_abyssoverlord_phasechange.png,True,True,96,96,RGBA,True,0.67,True,0d7311fa-027f-4c6c-b963-47344c42149d@f9941,0,0,unknown,missing_atlas_group,
textures/bosses/finalboss/boss_abyssoverlord_skill.png,True,True,256,256,RGBA,True,54.4,True,71484ee1-2f42-4457-aaa8-4f71a31bd4ae@f9941,0,0,unknown,over_target_size:54.4KB>32.0KB;missing_atlas_group,
textures/bosses/finalboss/boss_beast_swamp_attack.png,True,True,256,256,RGBA,True,69.42,True,a378c143-1555-4c03-b288-ef969f47eaac@f9941,0,0,unknown,over_target_size:69.42KB>32.0KB;missing_atlas_group,
textures/bosses/finalboss/boss_beast_swamp_death.png,True,True,96,96,RGBA,True,0.67,True,7912197f-9e3a-4a5a-9f6b-00e58c030ebb@f9941,0,0,unknown,missing_atlas_group,
textures/bosses/finalboss/boss_beast_swamp_idle.png,True,True,256,256,RGBA,True,64.01,True,38a7ea06-3418-465b-9b9e-08dc2fd52fdf@f9941,0,0,unknown,over_target_size:64.01KB>32.0KB;missing_atlas_group,
textures/bosses/finalboss/boss_beast_swamp_phasechange.png,True,True,96,96,RGBA,True,2.0,True,6b67c195-27c6-493d-9345-a3bf6a6e42ad@f9941,0,0,unknown,missing_atlas_group,
textures/bosses/finalboss/boss_beast_swamp_skill.png,True,True,256,256,RGBA,True,64.53,True,63a56c6a-4998-47f0-89b4-08a38903e96b@f9941,0,0,unknown,over_target_size:64.53KB>32.0KB;missing_atlas_group,
textures/bosses/finalboss/boss_firelord_attack.png,True,True,256,256,RGBA,True,62.77,True,358f0a53-3103-488a-8ebc-6345264e0b6f@f9941,0,0,unknown,over_target_size:62.77KB>32.0KB;missing_atlas_group,
textures/bosses/finalboss/boss_firelord_death.png,True,True,96,96,RGBA,True,0.85,True,91db12c6-e7a1-4655-82d2-3e561c9635bd@f9941,0,0,unknown,missing_atlas_group,
textures/bosses/finalboss/boss_firelord_idle.png,True,True,256,256,RGBA,True,68.99,True,8b9bb4a7-750d-4761-ba28-f160b301eb89@f9941,0,0,unknown,over_target_size:68.99KB>32.0KB;missing_atlas_group,
textures/bosses/finalboss/boss_firelord_phasechange.png,True,True,96,96,RGBA,True,0.67,True,49c64f2d-67d1-402f-a66d-5082dff51741@f9941,0,0,unknown,missing_atlas_group,
textures/bosses/finalboss/boss_firelord_skill.png,True,True,256,256,RGBA,True,63.84,True,90ed4943-cbf3-47ed-ae9b-06c1d974ac75@f9941,0,0,unknown,over_target_size:63.84KB>32.0KB;missing_atlas_group,
textures/bosses/finalboss/boss_forestguardian_attack.png,True,True,256,256,RGBA,True,56.08,True,214f904b-48cb-4fdf-bd35-137b55d162fa@f9941,0,0,unknown,over_target_size:56.08KB>32.0KB;missing_atlas_group,
textures/bosses/finalboss/boss_forestguardian_death.png,True,True,96,96,RGBA,True,0.86,True,d05b8bd4-26eb-4c0e-9dd4-cdd4f24926d0@f9941,0,0,unknown,missing_atlas_group,
textures/bosses/finalboss/boss_forestguardian_idle.png,True,True,256,256,RGBA,True,61.39,True,f9749621-e710-4336-8d5f-108c6979d543@f9941,0,0,unknown,over_target_size:61.39KB>32.0KB;missing_atlas_group,
textures/bosses/finalboss/boss_forestguardian_phasechange.png,True,True,96,96,RGBA,True,0.67,True,e812945e-f30e-4363-b7c3-33e7735a1226@f9941,0,0,unknown,missing_atlas_group,
textures/bosses/finalboss/boss_forestguardian_skill.png,True,True,256,256,RGBA,True,54.86,True,59d978c5-fae2-43c3-b0e3-e8d384a6ed3e@f9941,0,0,unknown,over_target_size:54.86KB>32.0KB;missing_atlas_group,
textures/bosses/finalboss/boss_frostqueen_attack.png,True,True,256,256,RGBA,True,57.26,True,c4abd903-b0b0-4217-9482-a1e76e72a2ae@f9941,0,0,unknown,over_target_size:57.26KB>32.0KB;missing_atlas_group,
textures/bosses/finalboss/boss_frostqueen_death.png,True,True,96,96,RGBA,True,0.86,True,b59e83cc-6a49-4b12-9f04-33663e732885@f9941,0,0,unknown,missing_atlas_group,
textures/bosses/finalboss/boss_frostqueen_idle.png,True,True,256,256,RGBA,True,62.94,True,7b3a2696-5dda-4cf5-9ee4-e84fc2665b68@f9941,0,0,unknown,over_target_size:62.94KB>32.0KB;missing_atlas_group,
textures/bosses/finalboss/boss_frostqueen_phasechange.png,True,True,96,96,RGBA,True,0.67,True,ab55fdc9-06bd-45af-bd11-e4f9d5c7cdd0@f9941,0,0,unknown,missing_atlas_group,
textures/bosses/finalboss/boss_frostqueen_skill.png,True,True,256,256,RGBA,True,59.34,True,89896ce4-7390-42b4-9471-c7dc6ef59584@f9941,0,0,unknown,over_target_size:59.34KB>32.0KB;missing_atlas_group,
textures/bosses/finalboss/boss_guardian_forest_attack.png,True,True,256,256,RGBA,True,56.67,True,15c7f101-80ac-4430-8acb-20343db34409@f9941,0,0,unknown,over_target_size:56.67KB>32.0KB;missing_atlas_group,
textures/bosses/finalboss/boss_guardian_forest_death.png,True,True,96,96,RGBA,True,0.67,True,bfa02e20-4d5b-448e-b8dd-4cce28cb2dc3@f9941,0,0,unknown,missing_atlas_group,
textures/bosses/finalboss/boss_guardian_forest_idle.png,True,True,256,256,RGBA,True,56.67,True,7a52c697-85ad-4525-ab43-8fa9518bcbc0@f9941,0,0,unknown,over_target_size:56.67KB>32.0KB;missing_atlas_group,
textures/bosses/finalboss/boss_guardian_forest_phasechange.png,True,True,96,96,RGBA,True,2.01,True,d260efe9-5eb8-40f6-b3ad-ad5dac497df7@f9941,0,0,unknown,missing_atlas_group,
textures/bosses/finalboss/boss_guardian_forest_skill.png,True,True,256,256,RGBA,True,45.88,True,b344b42e-c024-4fc9-a809-e29868251793@f9941,0,0,unknown,over_target_size:45.88KB>32.0KB;missing_atlas_group,
textures/bosses/finalboss/boss_lord_abyss_attack.png,True,True,256,256,RGBA,True,53.09,True,21785ccd-f324-4ff7-b801-a43b1fc75498@f9941,0,0,unknown,over_target_size:53.09KB>32.0KB;missing_atlas_group,
textures/bosses/finalboss/boss_lord_abyss_death.png,True,True,96,96,RGBA,True,0.67,True,0b6dcc57-7d15-42ef-93ec-1978b596cb27@f9941,0,0,unknown,missing_atlas_group,
textures/bosses/finalboss/boss_lord_abyss_idle.png,True,True,256,256,RGBA,True,59.6,True,0b5dffd4-ef96-4fb8-86d1-40b64218d461@f9941,0,0,unknown,over_target_size:59.6KB>32.0KB;missing_atlas_group,
textures/bosses/finalboss/boss_lord_abyss_phasechange.png,True,True,96,96,RGBA,True,2.01,True,11e6bf2f-b772-4f6a-a267-6af3185b57f1@f9941,0,0,unknown,missing_atlas_group,
textures/bosses/finalboss/boss_lord_abyss_skill.png,True,True,256,256,RGBA,True,55.3,True,553178a5-0f3e-4958-abfd-5c6611fd1771@f9941,0,0,unknown,over_target_size:55.3KB>32.0KB;missing_atlas_group,
textures/bosses/finalboss/boss_lord_catacombs_attack.png,True,True,256,256,RGBA,True,49.23,True,fdd60f57-4093-4aaa-9ac5-916e630ef083@f9941,0,0,unknown,over_target_size:49.23KB>32.0KB;missing_atlas_group,
textures/bosses/finalboss/boss_lord_catacombs_death.png,True,True,96,96,RGBA,True,0.67,True,3696bbc3-d89f-4b98-8010-aa900dadd95a@f9941,0,0,unknown,missing_atlas_group,
textures/bosses/finalboss/boss_lord_catacombs_idle.png,True,True,256,256,RGBA,True,66.01,True,38500218-99b2-42db-9cae-904dde90c6a3@f9941,0,0,unknown,over_target_size:66.01KB>32.0KB;missing_atlas_group,
textures/bosses/finalboss/boss_lord_catacombs_phasechange.png,True,True,96,96,RGBA,True,1.99,True,fdc0d4ec-e689-48e0-9570-d89c7ba7edf1@f9941,0,0,unknown,missing_atlas_group,
textures/bosses/finalboss/boss_lord_catacombs_skill.png,True,True,256,256,RGBA,True,64.33,True,2e193ece-4c77-4127-9841-c088a3f09ad3@f9941,0,0,unknown,over_target_size:64.33KB>32.0KB;missing_atlas_group,
textures/bosses/finalboss/boss_lord_volcano_attack.png,True,True,256,256,RGBA,True,57.46,True,60d008ff-f0e8-4140-b48f-70a82b99a680@f9941,0,0,unknown,over_target_size:57.46KB>32.0KB;missing_atlas_group,
textures/bosses/finalboss/boss_lord_volcano_death.png,True,True,96,96,RGBA,True,0.67,True,55ae43ed-3ce6-4cd3-8d34-dc9a589adcc8@f9941,0,0,unknown,missing_atlas_group,
textures/bosses/finalboss/boss_lord_volcano_idle.png,True,True,256,256,RGBA,True,58.94,True,504bcdc3-e2f3-4705-a97d-9576fba1206c@f9941,0,0,unknown,over_target_size:58.94KB>32.0KB;missing_atlas_group,
textures/bosses/finalboss/boss_lord_volcano_phasechange.png,True,True,96,96,RGBA,True,2.01,True,ea964b55-2dcd-4502-a1a3-2cfa7da13f09@f9941,0,0,unknown,missing_atlas_group,
textures/bosses/finalboss/boss_lord_volcano_skill.png,True,True,256,256,RGBA,True,62.72,True,bfa72d75-d763-4111-9a45-ae88977530eb@f9941,0,0,unknown,over_target_size:62.72KB>32.0KB;missing_atlas_group,
textures/bosses/finalboss/boss_queen_tundra_attack.png,True,True,256,256,RGBA,True,65.72,True,0312ffa2-6057-4f72-88e3-b8266ef695e3@f9941,0,0,unknown,over_target_size:65.72KB>32.0KB;missing_atlas_group,
textures/bosses/finalboss/boss_queen_tundra_death.png,True,True,96,96,RGBA,True,0.64,True,755b7cfd-ac02-40be-8c3b-e291c0a7267d@f9941,0,0,unknown,missing_atlas_group,
textures/bosses/finalboss/boss_queen_tundra_idle.png,True,True,256,256,RGBA,True,63.06,True,bffdcf34-92fb-4dde-be89-32147bb17d3e@f9941,0,0,unknown,over_target_size:63.06KB>32.0KB;missing_atlas_group,
textures/bosses/finalboss/boss_queen_tundra_phasechange.png,True,True,96,96,RGBA,True,1.89,True,1fbed5cc-f379-4a5f-97ff-878540e4a9af@f9941,0,0,unknown,missing_atlas_group,
textures/bosses/finalboss/boss_queen_tundra_skill.png,True,True,256,256,RGBA,True,62.24,True,954e6415-d408-4e16-854f-23bac9e4f458@f9941,0,0,unknown,over_target_size:62.24KB>32.0KB;missing_atlas_group,
textures/bosses/finalboss/boss_skeletonlord_attack.png,True,True,256,256,RGBA,True,60.64,True,bdb01036-e65f-4cbd-aee0-407cb870108e@f9941,0,0,unknown,over_target_size:60.64KB>32.0KB;missing_atlas_group,
textures/bosses/finalboss/boss_skeletonlord_death.png,True,True,96,96,RGBA,True,0.86,True,64ee44a7-512d-488e-82d6-6c6557cb52ed@f9941,0,0,unknown,missing_atlas_group,
textures/bosses/finalboss/boss_skeletonlord_idle.png,True,True,256,256,RGBA,True,61.36,True,b35f6e73-6938-4de6-aafb-fe5580923945@f9941,0,0,unknown,over_target_size:61.36KB>32.0KB;missing_atlas_group,
textures/bosses/finalboss/boss_skeletonlord_phasechange.png,True,True,96,96,RGBA,True,0.67,True,78448151-f91a-435d-80e9-20950f73fffc@f9941,0,0,unknown,missing_atlas_group,
textures/bosses/finalboss/boss_skeletonlord_skill.png,True,True,256,256,RGBA,True,57.92,True,ced5c698-6039-4b1c-8b0b-90dd3c1cdef7@f9941,0,0,unknown,over_target_size:57.92KB>32.0KB;missing_atlas_group,
textures/bosses/finalboss/boss_swampbehemoth_attack.png,True,True,256,256,RGBA,True,63.76,True,54692ac8-efae-4a38-81d6-3e48712a7afd@f9941,0,0,unknown,over_target_size:63.76KB>32.0KB;missing_atlas_group,
textures/bosses/finalboss/boss_swampbehemoth_death.png,True,True,96,96,RGBA,True,0.87,True,ab7deff0-72f5-4b4b-bdeb-491dba4aaf32@f9941,0,0,unknown,missing_atlas_group,
textures/bosses/finalboss/boss_swampbehemoth_idle.png,True,True,256,256,RGBA,True,63.71,True,b9e7222a-2f9e-47e1-a943-01b87e19eae7@f9941,0,0,unknown,over_target_size:63.71KB>32.0KB;missing_atlas_group,
textures/bosses/finalboss/boss_swampbehemoth_phasechange.png,True,True,96,96,RGBA,True,0.67,True,62cf9ddb-3c60-45be-84ad-15bde013c954@f9941,0,0,unknown,missing_atlas_group,
textures/bosses/finalboss/boss_swampbehemoth_skill.png,True,True,256,256,RGBA,True,65.87,True,047d300a-d1dc-41f8-89b3-d56cc1d9e152@f9941,0,0,unknown,over_target_size:65.87KB>32.0KB;missing_atlas_group,
textures/bosses/finalboss/catacombs/boss_skeletonlord_attack.png,True,True,256,1024,RGBA,True,206.43,True,81b1de79-4221-4f49-bb7b-09afaad8951e@f9941,0,0,unknown,over_target_size:206.43KB>32.0KB;missing_atlas_group,
textures/bosses/finalboss/catacombs/boss_skeletonlord_death.png,True,True,64,256,RGBA,True,21.2,True,cf866b7e-9f6c-45a7-9509-737c4f475a93@f9941,0,0,unknown,missing_atlas_group,
textures/bosses/finalboss/catacombs/boss_skeletonlord_idle.png,True,True,256,1024,RGBA,True,172.43,True,5a1c8120-b4a9-43e0-bef7-dff13f2ef1d6@f9941,0,0,unknown,over_target_size:172.43KB>32.0KB;missing_atlas_group,
textures/bosses/finalboss/catacombs/boss_skeletonlord_phasechange.png,True,True,64,320,RGBA,True,26.37,True,e530653d-cd57-4ca4-be1e-dd17e7eb1ba2@f9941,0,0,unknown,missing_atlas_group,
textures/bosses/finalboss/catacombs/boss_skeletonlord_skill.png,True,True,256,1536,RGBA,True,209.84,True,aff83f1c-b6f9-452f-a8ee-74da5ed0736d@f9941,0,0,unknown,over_target_size:209.84KB>32.0KB;missing_atlas_group,
textures/bosses/finalboss/forest/boss_forestguardian_attack.png,True,True,256,1024,RGBA,True,198.31,True,336deac7-cb19-4679-b551-77adc600d000@f9941,0,0,unknown,over_target_size:198.31KB>32.0KB;missing_atlas_group,
textures/bosses/finalboss/forest/boss_forestguardian_death.png,True,True,64,256,RGBA,True,23.38,True,28985fb1-e15e-4365-bbeb-be3cbfe6a127@f9941,0,0,unknown,missing_atlas_group,
textures/bosses/finalboss/forest/boss_forestguardian_idle.png,True,True,256,1024,RGBA,True,189.86,True,7ebaacbe-583d-4865-8996-8f805e985e86@f9941,0,0,unknown,over_target_size:189.86KB>32.0KB;missing_atlas_group,
textures/bosses/finalboss/forest/boss_forestguardian_phasechange.png,True,True,64,320,RGBA,True,28.6,True,ec928fd1-356b-43e7-b799-66480b3de009@f9941,0,0,unknown,missing_atlas_group,
textures/bosses/finalboss/forest/boss_forestguardian_skill.png,True,True,256,1536,RGBA,True,200.95,True,cf49c986-6ec3-46a3-9b77-18fda2cb6f57@f9941,0,0,unknown,over_target_size:200.95KB>32.0KB;missing_atlas_group,
textures/bosses/finalboss/swamp/boss_swampbehemoth_attack.png,True,True,256,1024,RGBA,True,201.53,True,6c174327-65f3-435d-bc30-415c6a402a72@f9941,0,0,unknown,over_target_size:201.53KB>32.0KB;missing_atlas_group,
textures/bosses/finalboss/swamp/boss_swampbehemoth_death.png,True,True,64,256,RGBA,True,22.2,True,0700c5b4-fb18-420b-aebf-613f9d07fe82@f9941,0,0,unknown,missing_atlas_group,
textures/bosses/finalboss/swamp/boss_swampbehemoth_idle.png,True,True,256,1024,RGBA,True,172.32,True,c407aef8-f682-47fd-8d27-97b3e921db03@f9941,0,0,unknown,over_target_size:172.32KB>32.0KB;missing_atlas_group,
textures/bosses/finalboss/swamp/boss_swampbehemoth_phasechange.png,True,True,64,320,RGBA,True,23.21,True,ec41d5cd-a8b8-42fd-a201-40bd833c9b70@f9941,0,0,unknown,missing_atlas_group,
textures/bosses/finalboss/swamp/boss_swampbehemoth_skill.png,True,True,256,1536,RGBA,True,188.91,True,95763333-48f1-4636-bc0e-b032c719e43b@f9941,0,0,unknown,over_target_size:188.91KB>32.0KB;missing_atlas_group,
textures/bosses/finalboss/tundra/boss_frostqueen_attack.png,True,True,256,1024,RGBA,True,163.48,True,b64fb739-b38b-43dd-9777-09af63c3f890@f9941,0,0,unknown,over_target_size:163.48KB>32.0KB;missing_atlas_group,
textures/bosses/finalboss/tundra/boss_frostqueen_death.png,True,True,64,256,RGBA,True,22.23,True,b4c9dc54-e0d8-49a6-8f29-bf2813c458d0@f9941,0,0,unknown,missing_atlas_group,
textures/bosses/finalboss/tundra/boss_frostqueen_idle.png,True,True,256,1024,RGBA,True,178.05,True,d26a8b02-34a6-47a5-ac75-b42bd481cb6e@f9941,0,0,unknown,over_target_size:178.05KB>32.0KB;missing_atlas_group,
textures/bosses/finalboss/tundra/boss_frostqueen_phasechange.png,True,True,64,320,RGBA,True,25.09,True,84390afe-9b7c-416e-8dea-6f7b2156c8be@f9941,0,0,unknown,missing_atlas_group,
textures/bosses/finalboss/tundra/boss_frostqueen_skill.png,True,True,256,1536,RGBA,True,193.46,True,f9e34039-f504-4ca3-a87d-dd2b2f3c2d53@f9941,0,0,unknown,over_target_size:193.46KB>32.0KB;missing_atlas_group,
textures/bosses/finalboss/volcano/boss_firelord_attack.png,True,True,256,1024,RGBA,True,168.98,True,292527d1-3f06-49d2-b2f2-6ee051f8c50b@f9941,0,0,unknown,over_target_size:168.98KB>32.0KB;missing_atlas_group,
textures/bosses/finalboss/volcano/boss_firelord_death.png,True,True,64,256,RGBA,True,20.62,True,08af896d-b096-4293-9ef4-1b4cdbdd2b21@f9941,0,0,unknown,missing_atlas_group,
textures/bosses/finalboss/volcano/boss_firelord_idle.png,True,True,256,1024,RGBA,True,185.39,True,b34587b9-70f3-4cb9-8bb3-8dae90d2aeb6@f9941,0,0,unknown,over_target_size:185.39KB>32.0KB;missing_atlas_group,
textures/bosses/finalboss/volcano/boss_firelord_phasechange.png,True,True,64,320,RGBA,True,26.58,True,de26b91d-e34d-4f8b-98f7-61ad263960bb@f9941,0,0,unknown,missing_atlas_group,
textures/bosses/finalboss/volcano/boss_firelord_skill.png,True,True,256,1536,RGBA,True,221.18,True,7d356689-699d-4750-9b77-8fb992770679@f9941,0,0,unknown,over_target_size:221.18KB>32.0KB;missing_atlas_group,
textures/bosses/miniboss/abyss/miniboss_abysssentinel_idle.png,True,True,192,192,RGBA,True,34.01,True,d4aadaac-5c1f-4265-8ee5-b678a5d3eadd@f9941,0,0,unknown,missing_atlas_group,
textures/bosses/miniboss/abyss/miniboss_nightmareknight_idle.png,True,True,192,192,RGBA,True,38.95,True,a934ce2f-306c-4d1e-bd43-e4ddf897b716@f9941,0,0,unknown,over_target_size:38.95KB>30.0KB;missing_atlas_group,
textures/bosses/miniboss/abyss/miniboss_shadowdragon_idle.png,True,True,192,192,RGBA,True,41.23,True,0f9325b0-3543-4ac2-8e19-771f30ffb77d@f9941,0,0,unknown,over_target_size:41.23KB>30.0KB;missing_atlas_group,
textures/bosses/miniboss/abyss/miniboss_voidhunter_idle.png,True,True,192,192,RGBA,True,39.9,True,5131e122-0c5c-470f-986e-469c346c55c4@f9941,0,0,unknown,over_target_size:39.9KB>30.0KB;missing_atlas_group,
textures/bosses/miniboss/abyss/miniboss_voidlord_idle.png,True,True,192,192,RGBA,True,37.23,True,a46c27c1-4e57-44be-aeb8-25d4e11d1706@f9941,0,0,unknown,over_target_size:37.23KB>30.0KB;missing_atlas_group,
textures/bosses/miniboss/catacombs/miniboss_blackknight_idle.png,True,True,192,192,RGBA,True,37.92,True,2a771aa3-ffa8-4e77-80f0-882ecc25a445@f9941,0,0,unknown,over_target_size:37.92KB>30.0KB;missing_atlas_group,
textures/bosses/miniboss/catacombs/miniboss_gargoyle_idle.png,True,True,192,192,RGBA,True,38.57,True,03666d59-0866-4a58-a04f-447dfe4767fb@f9941,0,0,unknown,over_target_size:38.57KB>30.0KB;missing_atlas_group,
textures/bosses/miniboss/catacombs/miniboss_giantskeleton_idle.png,True,True,192,192,RGBA,True,38.29,True,f4b2489d-2036-4762-a5b2-485c1203572f@f9941,0,0,unknown,over_target_size:38.29KB>30.0KB;missing_atlas_group,
textures/bosses/miniboss/catacombs/miniboss_lich_idle.png,True,True,192,192,RGBA,True,37.67,True,70ca3957-95bf-421e-ab6f-42147b6ad0c9@f9941,0,0,unknown,over_target_size:37.67KB>30.0KB;missing_atlas_group,
textures/bosses/miniboss/catacombs/miniboss_warden_catacombs_idle.png,True,True,192,192,RGBA,True,38.38,True,97a23301-2352-4afd-933b-a0d69f604a8b@f9941,0,0,unknown,over_target_size:38.38KB>30.0KB;missing_atlas_group,
textures/bosses/miniboss/forest/miniboss_boarchief_idle.png,True,True,192,192,RGBA,True,36.72,True,dc3d9caa-7e8d-43b4-911e-d0eab85ee9aa@f9941,0,0,unknown,over_target_size:36.72KB>30.0KB;missing_atlas_group,
textures/bosses/miniboss/forest/miniboss_poisonflower_idle.png,True,True,192,192,RGBA,True,33.83,True,e95ccd2f-17e8-46cb-99cd-3deafd1b3e1e@f9941,0,0,unknown,missing_atlas_group,
textures/bosses/miniboss/forest/miniboss_porcupineking_idle.png,True,True,192,192,RGBA,True,35.2,True,aa2d782b-4672-4f4d-8e00-82dd9fffb5d1@f9941,0,0,unknown,over_target_size:35.2KB>30.0KB;missing_atlas_group,
textures/bosses/miniboss/forest/miniboss_stagbeetle_idle.png,True,True,192,192,RGBA,True,40.83,True,f7a2673d-baff-46cf-8794-8a254cff0575@f9941,0,0,unknown,over_target_size:40.83KB>30.0KB;missing_atlas_group,
textures/bosses/miniboss/forest/miniboss_warden_forest_idle.png,True,True,192,192,RGBA,True,44.7,True,0f81817a-9ef8-43b3-b953-eab1d1022a95@f9941,0,0,unknown,over_target_size:44.7KB>30.0KB;missing_atlas_group,
textures/bosses/miniboss/swamp/miniboss_poisonscorpion_idle.png,True,True,192,192,RGBA,True,40.81,True,338d4323-3083-4d5b-8d02-8c78e96d5bbd@f9941,0,0,unknown,over_target_size:40.81KB>30.0KB;missing_atlas_group,
textures/bosses/miniboss/swamp/miniboss_rottreantelite_idle.png,True,True,192,192,RGBA,True,34.02,True,66606950-fc62-4b2b-83d1-4c9b7ce3fc90@f9941,0,0,unknown,missing_atlas_group,
textures/bosses/miniboss/swamp/miniboss_serpentqueen_idle.png,True,True,192,192,RGBA,True,32.83,True,2fc9f927-6b32-403d-8ca0-daff186e5e73@f9941,0,0,unknown,missing_atlas_group,
textures/bosses/miniboss/swamp/miniboss_swampcrocodile_idle.png,True,True,192,192,RGBA,True,38.45,True,df4712eb-d8b9-40db-9af2-59bb4cb48c1e@f9941,0,0,unknown,over_target_size:38.45KB>30.0KB;missing_atlas_group,
textures/bosses/miniboss/swamp/miniboss_swampfrog_idle.png,True,True,192,192,RGBA,True,35.89,True,b400b96e-bd0d-4cf1-b5e2-a73cec5234aa@f9941,0,0,unknown,over_target_size:35.89KB>30.0KB;missing_atlas_group,
textures/bosses/miniboss/tundra/miniboss_frostelemental_idle.png,True,True,192,192,RGBA,True,39.89,True,1e860b9f-f284-4a94-ac60-dbd3973cc0b7@f9941,0,0,unknown,over_target_size:39.89KB>30.0KB;missing_atlas_group,
textures/bosses/miniboss/tundra/miniboss_icegiant_idle.png,True,True,192,192,RGBA,True,38.75,True,d1066994-2361-408e-8e13-edc7a6e582c5@f9941,0,0,unknown,over_target_size:38.75KB>30.0KB;missing_atlas_group,
textures/bosses/miniboss/tundra/miniboss_icescorpion_idle.png,True,True,192,192,RGBA,True,36.41,True,59b388b4-5683-4f10-83b7-bc9a3dfd5c63@f9941,0,0,unknown,over_target_size:36.41KB>30.0KB;missing_atlas_group,
textures/bosses/miniboss/tundra/miniboss_polarbearking_idle.png,True,True,192,192,RGBA,True,38.5,True,4547199d-5d0b-4909-bb75-accaacae2750@f9941,0,0,unknown,over_target_size:38.5KB>30.0KB;missing_atlas_group,
textures/bosses/miniboss/tundra/miniboss_snowape_idle.png,True,True,192,192,RGBA,True,39.17,True,ddd96cb1-9f44-45d3-bc61-2393deac59d0@f9941,0,0,unknown,over_target_size:39.17KB>30.0KB;missing_atlas_group,
textures/bosses/miniboss/volcano/miniboss_firegolem_idle.png,True,True,192,192,RGBA,True,36.05,True,8bf0c332-d7b8-4320-8765-5458c6d7dc88@f9941,0,0,unknown,over_target_size:36.05KB>30.0KB;missing_atlas_group,
textures/bosses/miniboss/volcano/miniboss_inferno_idle.png,True,True,192,192,RGBA,True,37.11,True,8f51435b-5d8f-4def-9855-eb04ae8446c8@f9941,0,0,unknown,over_target_size:37.11KB>30.0KB;missing_atlas_group,
textures/bosses/miniboss/volcano/miniboss_lavaworm_idle.png,True,True,192,192,RGBA,True,36.6,True,6ee5f767-8820-4fb8-a0cf-f0646340fce8@f9941,0,0,unknown,over_target_size:36.6KB>30.0KB;missing_atlas_group,
textures/bosses/miniboss/volcano/miniboss_volcanogiant_idle.png,True,True,192,192,RGBA,True,41.55,True,bba8dc74-5f70-42db-aefc-4583ebf516f9@f9941,0,0,unknown,over_target_size:41.55KB>30.0KB;missing_atlas_group,
textures/bosses/miniboss/volcano/miniboss_warden_volcano_idle.png,True,True,192,192,RGBA,True,37.49,True,ab908d1b-0e13-470c-ad6c-35a8c5702887@f9941,0,0,unknown,over_target_size:37.49KB>30.0KB;missing_atlas_group,
textures/characters/archer/archer_attack.png,True,True,192,1024,RGBA,True,168.32,True,67a45a22-10f5-45ef-8f22-8210e88d10d2@f9941,0,0,unknown,below_target_dimension:192x1024<192x4096;over_target_size:168.32KB>120.0KB;missing_atlas_group,
textures/characters/archer/archer_death.png,True,True,192,1024,RGBA,True,192.83,True,a096051c-08d7-4af8-9dbe-8ada984ef58f@f9941,0,0,unknown,below_target_dimension:192x1024<192x4096;over_target_size:192.83KB>120.0KB;missing_atlas_group,
textures/characters/archer/archer_dodge.png,True,True,192,1024,RGBA,True,174.15,True,0958def9-3e0a-4adc-a270-30c7cfc9569d@f9941,0,0,unknown,below_target_dimension:192x1024<192x4096;over_target_size:174.15KB>120.0KB;missing_atlas_group,
textures/characters/archer/archer_hit.png,True,True,192,512,RGBA,True,86.48,True,66f9fa21-45da-495f-a472-50f13f1586ec@f9941,0,0,unknown,below_target_dimension:192x512<192x2048;missing_atlas_group,
textures/characters/archer/archer_idle.png,True,True,192,1024,RGBA,True,156.2,True,5b34a791-3725-46d9-937b-0371569cf483@f9941,0,0,unknown,below_target_dimension:192x1024<192x4096;over_target_size:156.2KB>120.0KB;missing_atlas_group,
textures/characters/archer/archer_skill.png,True,True,192,1536,RGBA,True,167.34,True,7756e0c8-988d-43f4-b87a-36ca236a4211@f9941,0,0,unknown,below_target_dimension:192x1536<192x6144;over_target_size:167.34KB>120.0KB;missing_atlas_group,
textures/characters/archer/archer_walk.png,True,True,192,1536,RGBA,True,171.73,True,1874a80f-a3e6-4e99-abfc-4db0bc8703be@f9941,0,0,unknown,below_target_dimension:192x1536<192x6144;over_target_size:171.73KB>120.0KB;missing_atlas_group,
textures/characters/assassin/assassin_attack.png,True,True,192,1024,RGBA,True,182.68,True,181ba4f0-cc38-45fe-83c9-15aff8ecdb41@f9941,0,0,unknown,below_target_dimension:192x1024<192x4096;over_target_size:182.68KB>120.0KB;missing_atlas_group,
textures/characters/assassin/assassin_death.png,True,True,192,1024,RGBA,True,175.94,True,97535024-082e-4602-9010-b94745468314@f9941,0,0,unknown,below_target_dimension:192x1024<192x4096;over_target_size:175.94KB>120.0KB;missing_atlas_group,
textures/characters/assassin/assassin_dodge.png,True,True,192,1024,RGBA,True,158.16,True,6b7fc9e8-6908-4983-be8f-50376292b607@f9941,0,0,unknown,below_target_dimension:192x1024<192x4096;over_target_size:158.16KB>120.0KB;missing_atlas_group,
textures/characters/assassin/assassin_hit.png,True,True,192,512,RGBA,True,103.9,True,bfeaa803-8573-4fa8-9c0b-3d8660cf3106@f9941,0,0,unknown,below_target_dimension:192x512<192x2048;missing_atlas_group,
textures/characters/assassin/assassin_idle.png,True,True,192,1024,RGBA,True,184.59,True,10584d73-2335-4c5c-9f9b-b6f6ae6e8707@f9941,0,0,unknown,below_target_dimension:192x1024<192x4096;over_target_size:184.59KB>120.0KB;missing_atlas_group,
textures/characters/assassin/assassin_skill.png,True,True,192,1536,RGBA,True,186.27,True,0de9a6fc-f3d0-428e-b704-f2f3fbc76a86@f9941,0,0,unknown,below_target_dimension:192x1536<192x6144;over_target_size:186.27KB>120.0KB;missing_atlas_group,
textures/characters/assassin/assassin_walk.png,True,True,192,1536,RGBA,True,201.56,True,8c2d4b87-7cb0-4c38-91e2-7d7061435875@f9941,0,0,unknown,below_target_dimension:192x1536<192x6144;over_target_size:201.56KB>120.0KB;missing_atlas_group,
textures/characters/berserker/berserker_attack.png,True,True,192,1024,RGBA,True,177.43,True,1b41fcf0-92a3-4f85-afa4-a873a271852b@f9941,0,0,unknown,below_target_dimension:192x1024<192x4096;over_target_size:177.43KB>120.0KB;missing_atlas_group,
textures/characters/berserker/berserker_death.png,True,True,192,1024,RGBA,True,187.78,True,afe246cb-b72b-44f0-b190-2131b74322ad@f9941,0,0,unknown,below_target_dimension:192x1024<192x4096;over_target_size:187.78KB>120.0KB;missing_atlas_group,
textures/characters/berserker/berserker_dodge.png,True,True,192,1024,RGBA,True,180.41,True,f909e1b1-27bf-49ec-b5d1-41fdf8dad916@f9941,0,0,unknown,below_target_dimension:192x1024<192x4096;over_target_size:180.41KB>120.0KB;missing_atlas_group,
textures/characters/berserker/berserker_hit.png,True,True,192,512,RGBA,True,101.53,True,7409a7e3-1914-46b1-b9a6-0bcec960ba47@f9941,0,0,unknown,below_target_dimension:192x512<192x2048;missing_atlas_group,
textures/characters/berserker/berserker_idle.png,True,True,192,1024,RGBA,True,166.07,True,aaf9183a-2ce7-4bcf-907f-6ae638bc63d6@f9941,0,0,unknown,below_target_dimension:192x1024<192x4096;over_target_size:166.07KB>120.0KB;missing_atlas_group,
textures/characters/berserker/berserker_skill.png,True,True,192,1536,RGBA,True,190.13,True,0cb549f1-89ac-44fd-a1b3-bdf3e06dd241@f9941,0,0,unknown,below_target_dimension:192x1536<192x6144;over_target_size:190.13KB>120.0KB;missing_atlas_group,
textures/characters/berserker/berserker_walk.png,True,True,192,1536,RGBA,True,175.9,True,f066c0e0-b7f1-470c-b2c2-6b99758f94ea@f9941,0,0,unknown,below_target_dimension:192x1536<192x6144;over_target_size:175.9KB>120.0KB;missing_atlas_group,
textures/characters/mage/mage_attack.png,True,True,192,1024,RGBA,True,166.88,True,143e1720-41f6-4320-ba62-8c2164f7edd9@f9941,0,0,unknown,below_target_dimension:192x1024<192x4096;over_target_size:166.88KB>120.0KB;missing_atlas_group,
textures/characters/mage/mage_death.png,True,True,192,1024,RGBA,True,164.6,True,04de2dd4-82d7-4ce1-9880-e9b3d810f181@f9941,0,0,unknown,below_target_dimension:192x1024<192x4096;over_target_size:164.6KB>120.0KB;missing_atlas_group,
textures/characters/mage/mage_dodge.png,True,True,192,1024,RGBA,True,153.91,True,c61a310f-2023-4244-866c-3177e41e9c37@f9941,0,0,unknown,below_target_dimension:192x1024<192x4096;over_target_size:153.91KB>120.0KB;missing_atlas_group,
textures/characters/mage/mage_hit.png,True,True,192,512,RGBA,True,86.68,True,845e4af3-a7af-4c39-8ca0-031747b6e829@f9941,0,0,unknown,below_target_dimension:192x512<192x2048;missing_atlas_group,
textures/characters/mage/mage_idle.png,True,True,192,1024,RGBA,True,171.99,True,6e8b700e-9879-4d0f-8a83-ec3e82db7d9a@f9941,0,0,unknown,below_target_dimension:192x1024<192x4096;over_target_size:171.99KB>120.0KB;missing_atlas_group,
textures/characters/mage/mage_skill.png,True,True,192,1536,RGBA,True,190.2,True,32887169-b3dc-409c-b09e-28b3f90ad12b@f9941,0,0,unknown,below_target_dimension:192x1536<192x6144;over_target_size:190.2KB>120.0KB;missing_atlas_group,
textures/characters/mage/mage_walk.png,True,True,192,1536,RGBA,True,179.99,True,03c89a12-e78e-4f86-b9c1-a0e8100cbbcf@f9941,0,0,unknown,below_target_dimension:192x1536<192x6144;over_target_size:179.99KB>120.0KB;missing_atlas_group,
textures/characters/warrior/warrior_attack.png,True,True,192,1024,RGBA,True,162.45,True,95f97866-1937-404e-9ab1-0113c7d53353@f9941,0,0,unknown,below_target_dimension:192x1024<192x4096;over_target_size:162.45KB>120.0KB;missing_atlas_group,
textures/characters/warrior/warrior_death.png,True,True,192,1024,RGBA,True,193.89,True,df45f372-2b7f-49f5-b091-756a418d77d8@f9941,0,0,unknown,below_target_dimension:192x1024<192x4096;over_target_size:193.89KB>120.0KB;missing_atlas_group,
textures/characters/warrior/warrior_dodge.png,True,True,192,1024,RGBA,True,181.29,True,3fe442c2-0739-41d2-8991-19b7f19bbdef@f9941,0,0,unknown,below_target_dimension:192x1024<192x4096;over_target_size:181.29KB>120.0KB;missing_atlas_group,
textures/characters/warrior/warrior_hit.png,True,True,192,512,RGBA,True,103.47,True,329987d2-61fd-44b4-bc40-899f42e6c51c@f9941,0,0,unknown,below_target_dimension:192x512<192x2048;missing_atlas_group,
textures/characters/warrior/warrior_idle.png,True,True,192,1024,RGBA,True,175.73,True,92192204-aeca-4dfd-97f6-8a21fd0fde88@f9941,0,0,unknown,below_target_dimension:192x1024<192x4096;over_target_size:175.73KB>120.0KB;missing_atlas_group,
textures/characters/warrior/warrior_skill.png,True,True,192,1536,RGBA,True,173.21,True,6379e08e-a7e2-4834-af49-f63981bf7e03@f9941,0,0,unknown,below_target_dimension:192x1536<192x6144;over_target_size:173.21KB>120.0KB;missing_atlas_group,
textures/characters/warrior/warrior_walk.png,True,True,192,1536,RGBA,True,183.2,True,7c49117d-8b84-4066-8ac2-50fb07d19d52@f9941,0,0,unknown,below_target_dimension:192x1536<192x6144;over_target_size:183.2KB>120.0KB;missing_atlas_group,
textures/effects/combat/fx_crit.png,True,True,192,1152,RGBA,True,292.8,True,89ab7ca2-65db-4295-99a6-0ecf41c44983@f9941,0,0,unknown,csv_dimension_mismatch:64x384!=192x1152;over_target_size:292.8KB>40.0KB,
textures/effects/combat/fx_dash.png,True,True,192,768,RGBA,True,198.13,True,a5b22fde-e720-402d-a7e8-2c43a5255239@f9941,0,0,unknown,csv_dimension_mismatch:48x192!=192x768;over_target_size:198.13KB>40.0KB,
textures/effects/combat/fx_dodge.png,True,True,32,128,RGBA,True,7.17,True,8eb8ebbf-1434-4643-bdfa-6272b5b786cd@f9941,0,0,unknown,,
textures/effects/combat/fx_heal.png,True,True,192,1152,RGBA,True,285.59,True,f044147c-aed0-4288-8e05-3f6f107503d1@f9941,0,0,unknown,csv_dimension_mismatch:80x480!=192x1152;over_target_size:285.59KB>40.0KB,
textures/effects/combat/fx_hit_normal.png,True,True,192,768,RGBA,True,181.91,True,2f9d8921-7259-4089-b813-b689abdf5a50@f9941,0,0,unknown,csv_dimension_mismatch:48x192!=192x768;over_target_size:181.91KB>40.0KB,
textures/effects/combat/fx_shield.png,True,True,192,1152,RGBA,True,267.73,True,6db8b0ee-35ad-4123-bf55-907c2e37b045@f9941,0,0,unknown,csv_dimension_mismatch:64x384!=192x1152;over_target_size:267.73KB>40.0KB,
textures/effects/reactions/fx_reaction_burn.png,True,True,64,256,RGBA,True,17.16,True,c81e776f-b0ee-4326-9676-7ab9b22311a5@f9941,0,0,unknown,,
textures/effects/reactions/fx_reaction_conduct.png,True,True,64,256,RGBA,True,18.12,True,188d28ab-20c9-459a-b2d6-975eab62a87a@f9941,0,0,unknown,,
textures/effects/reactions/fx_reaction_corrode.png,True,True,64,256,RGBA,True,16.99,True,c01a39ae-c492-42f6-bbc3-9f7b2978f824@f9941,0,0,unknown,,
textures/effects/reactions/fx_reaction_decay.png,True,True,64,256,RGBA,True,19.04,True,5328cb28-e78e-44bd-aaa9-ad5c944016db@f9941,0,0,unknown,,
textures/effects/reactions/fx_reaction_freeze.png,True,True,64,256,RGBA,True,17.93,True,afacc2dc-8314-4022-9121-15912b9f5e11@f9941,0,0,unknown,,
textures/effects/reactions/fx_reaction_melt.png,True,True,64,256,RGBA,True,16.36,True,02af33f2-8f58-4ccd-8f47-4f97a0b58fda@f9941,0,0,unknown,,
textures/effects/reactions/fx_reaction_overload.png,True,True,64,256,RGBA,True,19.06,True,ebc6d312-be92-46c6-abd7-37e0fcf4985c@f9941,0,0,unknown,,
textures/effects/reactions/fx_reaction_radiance.png,True,True,64,256,RGBA,True,17.1,True,a1c5f620-842e-4bc4-891a-43f16937fec6@f9941,0,0,unknown,,
textures/effects/reactions/fx_reaction_shatter.png,True,True,64,256,RGBA,True,18.47,True,fb7c0d7e-14e8-44e9-9da9-1447eb59395d@f9941,0,0,unknown,,
textures/effects/reactions/fx_reaction_vaporize.png,True,True,64,256,RGBA,True,18.07,True,5af743f8-7cf0-4b3f-aeaf-643d313756bb@f9941,0,0,unknown,,
textures/effects/reactions/fx_reaction_void.png,True,True,64,256,RGBA,True,18.9,True,a9e734d0-9ce7-4138-a902-c2bc0a6b0710@f9941,0,0,unknown,,
textures/effects/relics/fx_relic_blink_stone.png,True,True,64,256,RGBA,True,20.92,True,7f2f49f6-d4d3-473d-807c-f76da3324554@f9941,0,0,unknown,,
textures/effects/relics/fx_relic_decoy_scroll.png,True,True,64,256,RGBA,True,18.62,True,ee9deedf-44f4-4c53-adf5-5750cca473a0@f9941,0,0,unknown,,
textures/effects/relics/fx_relic_flame_ring.png,True,True,64,256,RGBA,True,16.19,True,7aaa3505-8709-4c2c-a9d6-69b9d203b195@f9941,0,0,unknown,,
textures/effects/relics/fx_relic_frost_amulet.png,True,True,64,256,RGBA,True,18.78,True,fb5934de-afa2-4e00-85ed-20a526bab565@f9941,0,0,unknown,,
textures/effects/relics/fx_relic_gravity_stone.png,True,True,64,256,RGBA,True,19.96,True,f44510c0-8c9f-4450-ab5c-263dd53254ee@f9941,0,0,unknown,,
textures/effects/relics/fx_relic_life_link.png,True,True,64,256,RGBA,True,19.23,True,122485f2-4326-4c31-8123-16f4f2e790d8@f9941,0,0,unknown,,
textures/effects/relics/fx_relic_shadow_dagger.png,True,True,64,256,RGBA,True,19.1,True,68903ace-230b-482b-a951-f882002a7f85@f9941,0,0,unknown,,
textures/effects/relics/fx_relic_time_hourglass.png,True,True,64,256,RGBA,True,17.85,True,658169b3-0726-44d2-9645-a6fb84d6832d@f9941,0,0,unknown,,
textures/effects/ui/fx_ui_glow.png,True,True,64,192,RGBA,True,14.91,True,e73efa36-8070-4a14-a626-9f1809d7e1a4@f9941,0,0,unknown,,
textures/effects/ui/fx_ui_loading.png,True,True,64,192,RGBA,True,15.37,True,d2e15349-6d1f-49d0-b74c-205f2f3cac01@f9941,0,0,unknown,,
textures/icons/buffs/icon_buff_atkup.png,True,True,128,128,RGBA,True,30.41,True,8e1f412f-cc48-455c-a813-e3b0df11ff5e@f9941,0,0,unknown,csv_dimension_mismatch:48x48!=128x128;over_target_size:30.41KB>8.0KB,
textures/icons/buffs/icon_buff_defup.png,True,True,128,128,RGBA,True,32.19,True,36c54156-b0bf-4237-9ca3-b2e2265cbbda@f9941,0,0,unknown,csv_dimension_mismatch:48x48!=128x128;over_target_size:32.19KB>8.0KB,
textures/icons/buffs/icon_buff_shield.png,True,True,128,128,RGBA,True,32.84,True,d049c482-b4cc-4cfd-9873-942588d8d1aa@f9941,0,0,unknown,csv_dimension_mismatch:48x48!=128x128;over_target_size:32.84KB>8.0KB,
textures/icons/buffs/icon_buff_speedup.png,True,True,128,128,RGBA,True,33.14,True,b31f00cd-f1a5-4dee-aca1-af2ffac6a679@f9941,0,0,unknown,csv_dimension_mismatch:48x48!=128x128;over_target_size:33.14KB>8.0KB,
textures/icons/buffs/icon_buff_stealth.png,True,True,128,128,RGBA,True,27.09,True,635a82d8-c6fc-411b-a22c-5880aba20288@f9941,0,0,unknown,csv_dimension_mismatch:48x48!=128x128;over_target_size:27.09KB>8.0KB,
textures/icons/buffs/icon_debuff_burn.png,True,True,128,128,RGBA,True,31.59,True,c367aa7a-33a6-4c82-bca1-3a9fa47a438d@f9941,0,0,unknown,csv_dimension_mismatch:48x48!=128x128;over_target_size:31.59KB>8.0KB,
textures/icons/buffs/icon_debuff_freeze.png,True,True,128,128,RGBA,True,31.37,True,2ddf498c-05c7-486e-9aa1-16770b28be95@f9941,0,0,unknown,csv_dimension_mismatch:48x48!=128x128;over_target_size:31.37KB>8.0KB,
textures/icons/buffs/icon_debuff_poison.png,True,True,128,128,RGBA,True,34.1,True,e3457189-1abd-47d3-a38e-b5b2c88a2891@f9941,0,0,unknown,csv_dimension_mismatch:48x48!=128x128;over_target_size:34.1KB>8.0KB,
textures/icons/buffs/icon_debuff_slow.png,True,True,128,128,RGBA,True,30.87,True,fdf1f34a-a715-4835-8544-44488db36342@f9941,0,0,unknown,csv_dimension_mismatch:48x48!=128x128;over_target_size:30.87KB>8.0KB,
textures/icons/buffs/icon_debuff_stun.png,True,True,128,128,RGBA,True,32.61,True,3cff7431-4172-43b2-9c0f-85881dd98c02@f9941,0,0,unknown,csv_dimension_mismatch:48x48!=128x128;over_target_size:32.61KB>8.0KB,
textures/icons/elements/icon_element_fire.png,True,True,128,128,RGBA,True,29.49,True,14322e17-4c3c-4450-a201-838e6fb50862@f9941,0,0,unknown,csv_dimension_mismatch:48x48!=128x128;over_target_size:29.49KB>8.0KB,
textures/icons/elements/icon_element_frost.png,True,True,128,128,RGBA,True,26.85,True,77ddface-6df2-403a-adde-c0b647ae1018@f9941,0,0,unknown,csv_dimension_mismatch:48x48!=128x128;over_target_size:26.85KB>8.0KB,
textures/icons/elements/icon_element_holy.png,True,True,128,128,RGBA,True,33.9,True,393f23b9-1767-4605-864a-d34519946cd8@f9941,0,0,unknown,csv_dimension_mismatch:48x48!=128x128;over_target_size:33.9KB>8.0KB,
textures/icons/elements/icon_element_lightning.png,True,True,128,128,RGBA,True,30.44,True,9d44e822-a882-4125-935c-4fa155bd540f@f9941,0,0,unknown,csv_dimension_mismatch:48x48!=128x128;over_target_size:30.44KB>8.0KB,
textures/icons/elements/icon_element_poison.png,True,True,128,128,RGBA,True,29.33,True,17776294-97ac-4f8a-9db9-80c72c687ff5@f9941,0,0,unknown,csv_dimension_mismatch:48x48!=128x128;over_target_size:29.33KB>8.0KB,
textures/icons/elements/icon_element_shadow.png,True,True,48,48,RGBA,True,6.05,True,f8c025cd-3599-474f-b1b6-00c57b4ad21a@f9941,0,0,unknown,below_target_dimension:48x48<128x128,
textures/icons/items/icon_item_advancedkey.png,True,True,48,48,RGBA,True,5.35,True,9a005b24-8926-4d2a-9575-650239db136c@f9941,0,0,unknown,below_target_dimension:48x48<128x128,
textures/icons/items/icon_item_bighealingpotion.png,True,True,48,48,RGBA,True,6.6,True,4d85740b-c74f-40fa-937c-01528be78a61@f9941,0,0,unknown,below_target_dimension:48x48<128x128,
textures/icons/items/icon_item_flamebomb.png,True,True,48,48,RGBA,True,5.82,True,0f64a45f-b5a3-4def-b5cf-de990218e6c8@f9941,0,0,unknown,below_target_dimension:48x48<128x128,
textures/icons/items/icon_item_furypotion.png,True,True,48,48,RGBA,True,5.73,True,690043a3-9031-4c1b-bb91-eacf7eea9dcb@f9941,0,0,unknown,below_target_dimension:48x48<128x128,
textures/icons/items/icon_item_healingpotion.png,True,True,48,48,RGBA,True,6.44,True,c096f159-7ef1-44ba-924e-700efd16d361@f9941,0,0,unknown,below_target_dimension:48x48<128x128,
textures/icons/items/icon_item_icebomb.png,True,True,48,48,RGBA,True,5.55,True,167df5d8-f09b-44f9-89a6-084ddaf2f55c@f9941,0,0,unknown,below_target_dimension:48x48<128x128,
textures/icons/items/icon_item_ironpotion.png,True,True,48,48,RGBA,True,6.4,True,6b689aba-ac09-4eca-8fa7-67048350032e@f9941,0,0,unknown,below_target_dimension:48x48<128x128,
textures/icons/items/icon_item_key.png,True,True,48,48,RGBA,True,5.8,True,2d5650de-316d-4c7f-b3b3-01768ecc7559@f9941,0,0,unknown,below_target_dimension:48x48<128x128,
textures/icons/items/icon_item_mapscroll.png,True,True,48,48,RGBA,True,6.62,True,c43d560f-4d19-4529-80a9-ee29568e81af@f9941,0,0,unknown,below_target_dimension:48x48<128x128,
textures/icons/items/icon_item_purifypotion.png,True,True,48,48,RGBA,True,5.96,True,e96b6bef-36d8-4405-a5ba-2df41075cae1@f9941,0,0,unknown,below_target_dimension:48x48<128x128,
textures/icons/items/icon_item_rerollscroll.png,True,True,48,48,RGBA,True,5.97,True,e36f8c15-f824-4fa6-bbc9-4b5b913b3242@f9941,0,0,unknown,below_target_dimension:48x48<128x128,
textures/icons/items/icon_item_revivecoin.png,True,True,48,48,RGBA,True,6.15,True,31d32434-cf03-41ad-9c0b-a22104f51c1d@f9941,0,0,unknown,below_target_dimension:48x48<128x128,
textures/icons/items/icon_item_scrollfire.png,True,True,48,48,RGBA,True,6.24,True,bbf361f5-c0fa-4b47-a447-248c1d78de02@f9941,0,0,unknown,below_target_dimension:48x48<128x128,
textures/icons/items/icon_item_scrollholy.png,True,True,48,48,RGBA,True,6.65,True,5d7fedfc-6e47-44ef-94f9-1e667c46419d@f9941,0,0,unknown,below_target_dimension:48x48<128x128,
textures/icons/items/icon_item_scrollice.png,True,True,48,48,RGBA,True,6.07,True,6ef4f6c8-901a-4cc5-bda3-119bf05d7f8f@f9941,0,0,unknown,below_target_dimension:48x48<128x128,
textures/icons/items/icon_item_scrollpoison.png,True,True,48,48,RGBA,True,6.15,True,42bf447e-6908-462d-a9f8-970723ab9c11@f9941,0,0,unknown,below_target_dimension:48x48<128x128,
textures/icons/items/icon_item_scrollshadow.png,True,True,48,48,RGBA,True,6.42,True,ca42965e-925f-4203-a32e-804d707ec462@f9941,0,0,unknown,below_target_dimension:48x48<128x128,
textures/icons/items/icon_item_scrollthunder.png,True,True,48,48,RGBA,True,6.02,True,f8569765-0483-4947-8026-49e2183d1f63@f9941,0,0,unknown,below_target_dimension:48x48<128x128,
textures/icons/items/icon_item_speedpotion.png,True,True,48,48,RGBA,True,5.94,True,c7de426d-c106-4f8f-b615-e00364b8cab7@f9941,0,0,unknown,below_target_dimension:48x48<128x128,
textures/icons/items/item_healthPotion.png,True,True,48,48,RGBA,True,6.05,True,8a4e5217-459f-4ae2-9151-2557c3478242@f9941,0,0,unknown,below_target_dimension:48x48<128x128,
textures/icons/items/item_key.png,True,True,48,48,RGBA,True,5.76,True,d01f6b0b-eb4e-4ec2-a924-9da0156d8cc0@f9941,0,0,unknown,below_target_dimension:48x48<128x128,
textures/icons/items/item_largeHealthPotion.png,True,True,48,48,RGBA,True,6.42,True,c24df6ac-91f5-4276-acaf-2d69925f6836@f9941,0,0,unknown,below_target_dimension:48x48<128x128,
textures/icons/items/item_map.png,True,True,48,48,RGBA,True,5.71,True,b214cf15-10c6-402f-815a-c8eb08e54e6b@f9941,0,0,unknown,below_target_dimension:48x48<128x128,
textures/icons/relics/icon_relic_blinkstone.png,True,True,64,64,RGBA,True,9.17,True,e22e03b9-4855-49db-b464-0d042a4fb70c@f9941,0,0,unknown,,
textures/icons/relics/icon_relic_decoyscroll.png,True,True,64,64,RGBA,True,10.18,True,20932067-6889-43e5-bfb7-4aac21bfea52@f9941,0,0,unknown,,
textures/icons/relics/icon_relic_echoorb.png,True,True,64,64,RGBA,True,8.46,True,5b7cb058-e961-4aa4-adac-1c4807f079e9@f9941,0,0,unknown,,
textures/icons/relics/icon_relic_flamering.png,True,True,64,64,RGBA,True,8.41,True,d3e23843-16d0-48aa-a7cd-8cd0bb8497f7@f9941,0,0,unknown,,
textures/icons/relics/icon_relic_frenzyaxe.png,True,True,64,64,RGBA,True,8.92,True,90c87a45-947a-4dcf-bf38-164dba8e96f5@f9941,0,0,unknown,,
textures/icons/relics/icon_relic_frostamulet.png,True,True,64,64,RGBA,True,9.59,True,4c2876f3-8eb0-4422-af8e-8ca4722cf780@f9941,0,0,unknown,,
textures/icons/relics/icon_relic_gravitystone.png,True,True,64,64,RGBA,True,9.55,True,8ce40561-20ae-4b6e-8d59-8d8f8b619b04@f9941,0,0,unknown,,
textures/icons/relics/icon_relic_immortalstone.png,True,True,64,64,RGBA,True,8.61,True,4c5f5166-97a8-4903-9cef-3fd8627d738e@f9941,0,0,unknown,,
textures/icons/relics/icon_relic_ironarmor.png,True,True,64,64,RGBA,True,9.1,True,6588c9b3-b4d5-494d-8a77-30142f6baa49@f9941,0,0,unknown,,
textures/icons/relics/icon_relic_lifelink.png,True,True,64,64,RGBA,True,8.29,True,9b844497-abe3-4e46-86e5-078866530f93@f9941,0,0,unknown,,
textures/icons/relics/icon_relic_luckycoin.png,True,True,64,64,RGBA,True,8.72,True,1e957cc2-290b-49d4-a02a-b0c675d62b17@f9941,0,0,unknown,,
textures/icons/relics/icon_relic_shadowcloak.png,True,True,64,64,RGBA,True,8.7,True,a579e8d7-c110-472b-9cea-9412eb771af1@f9941,0,0,unknown,,
textures/icons/relics/icon_relic_shadowdagger.png,True,True,64,64,RGBA,True,8.37,True,05927e4e-76ea-4ffe-806b-9dcdacb21e00@f9941,0,0,unknown,,
textures/icons/relics/icon_relic_speedgauntlet.png,True,True,64,64,RGBA,True,9.12,True,6b29db37-6ad9-41f7-b51e-fba308598109@f9941,0,0,unknown,,
textures/icons/relics/icon_relic_thornarmor.png,True,True,64,64,RGBA,True,9.21,True,ac5d2ce3-0dc4-4aa6-b204-44cffb3697da@f9941,0,0,unknown,,
textures/icons/relics/icon_relic_timehourglass.png,True,True,64,64,RGBA,True,9.26,True,4c1102a7-ec91-4314-bf2f-7e790a4c1ba3@f9941,0,0,unknown,,
textures/icons/sets/icon_set_frostbite.png,True,True,48,48,RGBA,True,6.99,True,00113fdc-ca9f-4c25-9b05-6f15b748832e@f9941,0,0,unknown,below_target_dimension:48x48<128x128,
textures/icons/sets/icon_set_fury.png,True,True,48,48,RGBA,True,6.24,True,08956c27-cf54-4f90-841f-36b2d739ae03@f9941,0,0,unknown,below_target_dimension:48x48<128x128,
textures/icons/sets/icon_set_ironwall.png,True,True,48,48,RGBA,True,6.9,True,e1e733fc-7d1b-4fe6-a9ae-165c8454d1b5@f9941,0,0,unknown,below_target_dimension:48x48<128x128,
textures/icons/sets/icon_set_radiance.png,True,True,48,48,RGBA,True,6.3,True,17c296ec-9c5e-400b-9c53-b6ab8e276b75@f9941,0,0,unknown,below_target_dimension:48x48<128x128,
textures/icons/sets/icon_set_shadow.png,True,True,48,48,RGBA,True,6.4,True,7e96694f-a383-4c06-8324-061f3bbe3c69@f9941,0,0,unknown,below_target_dimension:48x48<128x128,
textures/icons/sets/icon_set_tempest.png,True,True,48,48,RGBA,True,6.8,True,bac5e4a8-c13f-44aa-8c22-e84bb3102428@f9941,0,0,unknown,below_target_dimension:48x48<128x128,
textures/icons/skills/icon_skill_dash.png,True,True,48,48,RGBA,True,6.77,True,524849ea-2fd5-431c-b271-7dd28527459f@f9941,0,0,unknown,below_target_dimension:48x48<128x128,
textures/icons/skills/icon_skill_elementburst.png,True,True,48,48,RGBA,True,6.46,True,f0dab257-d9a9-42f2-9d47-0e394c4e00e9@f9941,0,0,unknown,below_target_dimension:48x48<128x128,
textures/icons/skills/icon_skill_healwave.png,True,True,48,48,RGBA,True,6.49,True,41c1494f-6359-475e-b92f-4613f50c8be3@f9941,0,0,unknown,below_target_dimension:48x48<128x128,
textures/icons/skills/icon_skill_shield.png,True,True,48,48,RGBA,True,6.32,True,426001f2-8b1e-4ad4-ad20-ecdac7dc3dcb@f9941,0,0,unknown,below_target_dimension:48x48<128x128,
textures/icons/skills/icon_skill_slowfield.png,True,True,48,48,RGBA,True,5.75,True,f096f2c5-a7ac-42d7-af7c-2a988dcbd118@f9941,0,0,unknown,below_target_dimension:48x48<128x128,
textures/icons/skills/icon_skill_snapshot.png,True,True,48,48,RGBA,True,5.86,True,cb13eae4-a638-4293-b22d-89cad32122b7@f9941,0,0,unknown,below_target_dimension:48x48<128x128,
textures/monsters/abyss/monster_abyss_abyssarcher_idle.png,True,True,48,48,RGBA,True,4.64,True,e34d9d2e-a7bd-440a-a1f9-a0f6f71acc6d@f9941,0,0,unknown,missing_atlas_group,
textures/monsters/abyss/monster_abyss_abysslordelite_idle.png,True,True,192,192,RGBA,True,31.68,True,9b9dc5f4-a5d4-438c-85cf-f6771e7ae630@f9941,0,0,unknown,over_target_size:31.68KB>18.0KB;missing_atlas_group,
textures/monsters/abyss/monster_abyss_shadowdemon_idle.png,True,True,48,48,RGBA,True,3.74,True,144c120a-d2e5-43eb-b170-c5902228aeeb@f9941,0,0,unknown,missing_atlas_group,
textures/monsters/abyss/monster_abyss_shadowgolem_idle.png,True,True,48,48,RGBA,True,4.45,True,e67dae8e-bbfe-4afe-b85f-5e781f2600f7@f9941,0,0,unknown,missing_atlas_group,
textures/monsters/abyss/monster_abyss_voidrift_idle.png,True,True,48,48,RGBA,True,3.98,True,9dd0d1c5-0f4e-4385-88d7-92683062a95e@f9941,0,0,unknown,missing_atlas_group,
textures/monsters/abyss/monster_abyss_voidwraith_idle.png,True,True,48,48,RGBA,True,4.57,True,a512fda7-a7ee-4f0f-b83d-c7a6046a7d80@f9941,0,0,unknown,missing_atlas_group,
textures/monsters/catacombs/monster_catacombs_batswarm_idle.png,True,True,48,48,RGBA,True,4.73,True,718bd3e9-0940-4f50-906e-cce160b6d4a3@f9941,0,0,unknown,missing_atlas_group,
textures/monsters/catacombs/monster_catacombs_deathknight_idle.png,True,True,64,64,RGBA,True,7.47,True,292a2a6e-1eb3-48c5-80c9-41d747e97f20@f9941,0,0,unknown,missing_atlas_group,
textures/monsters/catacombs/monster_catacombs_ghost_idle.png,True,True,48,48,RGBA,True,4.46,True,9d031ce0-4570-4a2d-80e6-8e135104e545@f9941,0,0,unknown,missing_atlas_group,
textures/monsters/catacombs/monster_catacombs_ghoul_idle.png,True,True,48,48,RGBA,True,3.93,True,b09627c4-7007-494d-8db6-d59607a0bd65@f9941,0,0,unknown,missing_atlas_group,
textures/monsters/catacombs/monster_catacombs_skeleton_idle.png,True,True,48,48,RGBA,True,4.33,True,657ebb7a-397c-471d-882d-6385fe751bf6@f9941,0,0,unknown,missing_atlas_group,
textures/monsters/catacombs/monster_catacombs_skeletonarcher_idle.png,True,True,48,48,RGBA,True,4.76,True,9ee098b9-f3b9-46cd-9cbd-0c33623bd7bf@f9941,0,0,unknown,missing_atlas_group,
textures/monsters/forest/monster_forest_boar_idle.png,True,True,48,48,RGBA,True,4.27,True,0f5d3c96-497d-4aa8-86fd-39eda51f8452@f9941,0,0,unknown,missing_atlas_group,
textures/monsters/forest/monster_forest_deerelite_idle.png,True,True,192,192,RGBA,True,28.45,True,472b7d26-2a58-470c-bb35-72fa5bf86dd5@f9941,0,0,unknown,over_target_size:28.45KB>18.0KB;missing_atlas_group,
textures/monsters/forest/monster_forest_elfarcher_idle.png,True,True,48,48,RGBA,True,4.15,True,326cd775-a8fa-498e-8515-6bf0cc528f26@f9941,0,0,unknown,missing_atlas_group,
textures/monsters/forest/monster_forest_mushroom_idle.png,True,True,48,48,RGBA,True,4.07,True,b4af639b-0620-4aee-8760-3badd1199875@f9941,0,0,unknown,missing_atlas_group,
textures/monsters/forest/monster_forest_slime_idle.png,True,True,48,48,RGBA,True,3.48,True,3bb83790-c328-4ffb-aec7-45e1fb0de7cc@f9941,0,0,unknown,missing_atlas_group,
textures/monsters/forest/monster_forest_treant_idle.png,True,True,48,48,RGBA,True,4.05,True,8cfc5f93-d843-422b-b203-d3dc2bb28a91@f9941,0,0,unknown,missing_atlas_group,
textures/monsters/swamp/monster_swamp_gianttoad_idle.png,True,True,192,192,RGBA,True,30.36,True,440e6917-060e-407e-bba1-cd88e4ce8a34@f9941,0,0,unknown,over_target_size:30.36KB>18.0KB;missing_atlas_group,
textures/monsters/swamp/monster_swamp_rottreant_idle.png,True,True,48,48,RGBA,True,4.92,True,01e56e92-ec34-4970-a6ab-9821c39e77e4@f9941,0,0,unknown,missing_atlas_group,
textures/monsters/swamp/monster_swamp_slimepoison_idle.png,True,True,48,48,RGBA,True,3.8,True,92f922ef-7496-4130-a132-953630e2f00c@f9941,0,0,unknown,missing_atlas_group,
textures/monsters/swamp/monster_swamp_swampdragon_idle.png,True,True,192,192,RGBA,True,29.85,True,2eef4ca9-d55b-438b-b834-8fd568cbfb34@f9941,0,0,unknown,over_target_size:29.85KB>18.0KB;missing_atlas_group,
textures/monsters/swamp/monster_swamp_swampspider_idle.png,True,True,48,48,RGBA,True,3.68,True,2c3a06c0-a8e4-4b5d-8625-190bf8b894ba@f9941,0,0,unknown,missing_atlas_group,
textures/monsters/swamp/monster_swamp_viper_idle.png,True,True,48,48,RGBA,True,3.65,True,19006984-b9b0-4655-98f2-fa08ee330257@f9941,0,0,unknown,missing_atlas_group,
textures/monsters/tundra/monster_tundra_frostgiant_idle.png,True,True,192,192,RGBA,True,29.41,True,cb4a4af6-6fe0-4407-98e8-5553608c0e71@f9941,0,0,unknown,over_target_size:29.41KB>18.0KB;missing_atlas_group,
textures/monsters/tundra/monster_tundra_frostmage_idle.png,True,True,48,48,RGBA,True,4.78,True,9c738756-f852-4ec2-b18f-f3820526211e@f9941,0,0,unknown,missing_atlas_group,
textures/monsters/tundra/monster_tundra_iceskeleton_idle.png,True,True,48,48,RGBA,True,3.97,True,5ac5c43d-ff50-484a-b43c-6528d7135faf@f9941,0,0,unknown,missing_atlas_group,
textures/monsters/tundra/monster_tundra_penguinsoldier_idle.png,True,True,64,64,RGBA,True,6.38,True,298eead7-c016-4736-b673-ff06fb26e583@f9941,0,0,unknown,missing_atlas_group,
textures/monsters/tundra/monster_tundra_snowman_idle.png,True,True,48,48,RGBA,True,3.74,True,e80879b3-e840-46f1-9e5a-46f59c6c9a9a@f9941,0,0,unknown,missing_atlas_group,
textures/monsters/tundra/monster_tundra_snowwolf_idle.png,True,True,48,48,RGBA,True,4.08,True,3887865e-0451-4325-8789-9b231ece991e@f9941,0,0,unknown,missing_atlas_group,
textures/monsters/volcano/monster_volcano_ashwraith_idle.png,True,True,48,48,RGBA,True,4.03,True,a76a6b65-eebc-42f3-9bc7-9ff600947f3b@f9941,0,0,unknown,missing_atlas_group,
textures/monsters/volcano/monster_volcano_demon_idle.png,True,True,48,48,RGBA,True,4.44,True,1be63f27-1d55-4306-8b67-1c2396a545fa@f9941,0,0,unknown,missing_atlas_group,
textures/monsters/volcano/monster_volcano_fireelemental_idle.png,True,True,48,48,RGBA,True,3.94,True,6417d4fb-b598-4a77-92bd-c8b7575c257f@f9941,0,0,unknown,missing_atlas_group,
textures/monsters/volcano/monster_volcano_infernoelite_idle.png,True,True,192,192,RGBA,True,30.92,True,5a1ba2a7-cc53-43b7-8a9f-e4130f2ce849@f9941,0,0,unknown,over_target_size:30.92KB>18.0KB;missing_atlas_group,
textures/monsters/volcano/monster_volcano_lavaspider_idle.png,True,True,48,48,RGBA,True,4.03,True,dcb3506d-0e98-4ec8-9e1d-9d0d2dd795e5@f9941,0,0,unknown,missing_atlas_group,
textures/monsters/volcano/monster_volcano_suicidegolem_idle.png,True,True,48,48,RGBA,True,4.9,True,f7b1c93e-2e77-4171-bf04-1f9b97962d31@f9941,0,0,unknown,missing_atlas_group,
textures/tiles/abyss/tile_abyss_floor.png,True,True,32,32,RGBA,True,2.4,True,2c55a07d-61ee-4a99-8d6f-a928964c35e0@f9941,0,0,unknown,,
textures/tiles/abyss/tile_abyss_highground.png,True,True,32,32,RGBA,True,2.25,True,3029364c-4e9e-47d8-adcf-7e880554b1aa@f9941,0,0,unknown,,
textures/tiles/abyss/tile_abyss_thorn.png,True,True,32,32,RGBA,True,2.87,True,e7c757b2-246d-4798-b894-9290f8a2da9e@f9941,0,0,unknown,,
textures/tiles/abyss/tile_abyss_wall.png,True,True,32,32,RGBA,True,2.38,True,60e72b0c-536e-4439-ba01-291cacfcf918@f9941,0,0,unknown,,
textures/tiles/catacombs/tile_catacombs_floor.png,True,True,32,32,RGBA,True,2.2,True,abc97aea-1f0b-43ef-8ded-d78dafbaaf5d@f9941,0,0,unknown,,
textures/tiles/catacombs/tile_catacombs_highground.png,True,True,32,32,RGBA,True,2.8,True,4b1c3754-bd0c-4d1c-babb-821aa65ecb43@f9941,0,0,unknown,,
textures/tiles/catacombs/tile_catacombs_thorn.png,True,True,32,32,RGBA,True,3.01,True,bd24d18c-e14a-4704-9c0d-3718601ac746@f9941,0,0,unknown,,
textures/tiles/catacombs/tile_catacombs_wall.png,True,True,32,32,RGBA,True,1.8,True,efe01f84-1ccd-40d9-822e-f7a3c5f2cfcd@f9941,0,0,unknown,,
textures/tiles/forest/tile_forest_floor.png,True,True,32,32,RGBA,True,2.86,True,7521d157-8e65-4198-9e3c-9b4133599e25@f9941,0,0,unknown,,
textures/tiles/forest/tile_forest_highground.png,True,True,32,32,RGBA,True,2.21,True,6d52a5a9-6406-415c-89e9-166bfbda85e2@f9941,0,0,unknown,,
textures/tiles/forest/tile_forest_thorn.png,True,True,32,32,RGBA,True,2.83,True,9ebfffb5-32d3-4012-9be1-ac35bba0e94c@f9941,0,0,unknown,,
textures/tiles/forest/tile_forest_wall.png,True,True,32,32,RGBA,True,2.62,True,552ebfef-81ed-488e-a084-3ef6f18cf6b6@f9941,0,0,unknown,,
textures/tiles/swamp/tile_swamp_floor.png,True,True,32,32,RGBA,True,2.4,True,6c49af1d-be4a-4b19-8b14-45538963c8fe@f9941,0,0,unknown,,
textures/tiles/swamp/tile_swamp_highground.png,True,True,32,32,RGBA,True,2.44,True,faa59eb3-3099-402b-9125-9602e691bebe@f9941,0,0,unknown,,
textures/tiles/swamp/tile_swamp_thorn.png,True,True,32,32,RGBA,True,3.1,True,e1d25b66-9462-4dda-bb6a-09c80b2724aa@f9941,0,0,unknown,,
textures/tiles/swamp/tile_swamp_wall.png,True,True,32,32,RGBA,True,2.49,True,1c67a19f-e2c0-40dc-8b8a-94c1e0402d41@f9941,0,0,unknown,,
textures/tiles/tundra/tile_tundra_floor.png,True,True,32,32,RGBA,True,1.92,True,16e3111a-0dab-40f4-80ca-574347e8ad6a@f9941,0,0,unknown,,
textures/tiles/tundra/tile_tundra_highground.png,True,True,32,32,RGBA,True,2.22,True,90c41d3e-739b-4aba-b39a-843bbab3f97b@f9941,0,0,unknown,,
textures/tiles/tundra/tile_tundra_thorn.png,True,True,32,32,RGBA,True,2.62,True,f7acb1ee-c1f9-4a1f-920d-21882615a61a@f9941,0,0,unknown,,
textures/tiles/tundra/tile_tundra_wall.png,True,True,32,32,RGBA,True,2.3,True,0e80fb62-ba8f-4524-b2c2-b50b8c19740e@f9941,0,0,unknown,,
textures/tiles/volcano/tile_volcano_floor.png,True,True,32,32,RGBA,True,2.8,True,c64357db-3088-4099-a8c2-ad2440035f91@f9941,0,0,unknown,,
textures/tiles/volcano/tile_volcano_highground.png,True,True,32,32,RGBA,True,2.99,True,e5124177-d088-46e5-bbfb-d2f744a9c626@f9941,0,0,unknown,,
textures/tiles/volcano/tile_volcano_thorn.png,True,True,32,32,RGBA,True,2.79,True,eda22a07-5bcb-4fca-8188-c96abdba74d7@f9941,0,0,unknown,,
textures/tiles/volcano/tile_volcano_wall.png,True,True,32,32,RGBA,True,2.68,True,4201e409-081f-4dbe-847c-b724d63d4fd1@f9941,0,0,unknown,,
textures/ui/common/btn_active.png,True,True,200,60,RGBA,True,12.63,True,f94ad870-6672-4b36-a973-768cf0446fd0@f9941,0,0,unknown,,
textures/ui/common/btn_close.png,True,True,32,32,RGBA,True,1.34,True,0c3bb97e-6aab-42f2-a79f-d3a346227ed2@f9941,0,0,unknown,,
textures/ui/common/btn_default.png,True,True,200,60,RGBA,True,9.44,True,a628d4ca-b32c-4743-9014-d35bb703a2d5@f9941,0,0,unknown,,
textures/ui/common/btn_hover.png,True,True,200,60,RGBA,True,9.43,True,90529336-4b71-40c2-8fc4-e3abf8968865@f9941,0,0,unknown,,
textures/ui/common/panel_bg.png,True,True,32,32,RGBA,True,1.63,True,2c788b9e-ca25-48b2-90f9-ad361a6d57c0@f9941,0,0,unknown,,
textures/ui/death/btn_revive_active.png,True,True,200,60,RGBA,True,9.25,True,5411f0ce-84bb-47e3-bc12-aabdff802d0f@f9941,0,0,unknown,missing_atlas_group,
textures/ui/death/btn_revive_default.png,True,True,200,60,RGBA,True,7.84,True,060725ee-6978-421f-98c9-509c3eb243fe@f9941,0,0,unknown,missing_atlas_group,
textures/ui/death/btn_settle_active.png,True,True,200,60,RGBA,True,10.09,True,50ee1247-e74c-4dda-b8a6-ee62a0244eeb@f9941,0,0,unknown,missing_atlas_group,
textures/ui/death/btn_settle_default.png,True,True,200,60,RGBA,True,10.36,True,9e88a160-5190-421a-acbc-eac08dfecf1e@f9941,0,0,unknown,missing_atlas_group,
textures/ui/death/death_bg.png,True,True,750,1334,RGBA,True,496.92,True,cd5ca04d-7522-4635-b8ac-2261ff323693@f9941,0,0,unknown,missing_atlas_group,
textures/ui/death/icon_soulstone.png,True,True,32,32,RGBA,True,1.38,True,3e7c6f21-6302-480a-9c28-22d65b7c06d0@f9941,0,0,unknown,,
textures/ui/death/result_panel.png,True,True,32,32,RGBA,True,1.27,True,5a5aa798-c6b5-4b91-bd37-4b4bebd5827d@f9941,0,0,unknown,,
textures/ui/equipment/equip_body_frame.png,True,True,400,300,RGBA,True,74.62,True,9c1c2a4b-cc5f-4a37-959a-2e4dc41f544d@f9941,0,0,unknown,,
textures/ui/equipment/equip_slot_chest.png,True,True,48,48,RGBA,True,2.6,True,d009a217-d43a-4dad-af00-dd595057d7e3@f9941,0,0,unknown,,
textures/ui/equipment/equip_slot_gloves.png,True,True,48,48,RGBA,True,2.4,True,a9523ec7-74ed-49ff-845a-0156bd59ba39@f9941,0,0,unknown,,
textures/ui/equipment/equip_slot_helmet.png,True,True,48,48,RGBA,True,2.44,True,ee8b7793-62a6-4d6f-b8ce-16ab46295647@f9941,0,0,unknown,,
textures/ui/equipment/equip_slot_legs.png,True,True,48,48,RGBA,True,2.51,True,c1dd1e7e-440d-408c-90ea-ee3b0ccfa760@f9941,0,0,unknown,,
textures/ui/equipment/equip_slot_necklace.png,True,True,48,48,RGBA,True,2.49,True,5993af83-c205-4121-be68-7ee19e968de8@f9941,0,0,unknown,,
textures/ui/equipment/equip_slot_ring.png,True,True,48,48,RGBA,True,2.28,True,cb15f978-519d-4d58-9a13-51d7a1341991@f9941,0,0,unknown,,
textures/ui/equipment/equip_slot_shoes.png,True,True,48,48,RGBA,True,2.68,True,297ce0ea-59cf-4761-a19b-f7527bc482c9@f9941,0,0,unknown,,
textures/ui/equipment/equip_slot_weapon.png,True,True,48,48,RGBA,True,2.34,True,915dd226-2640-4878-896d-f0ca69bbc0ab@f9941,0,0,unknown,,
textures/ui/equipment/inventory_slot.png,True,True,60,60,RGBA,True,2.45,True,75d40a9c-3041-48be-a3a7-c54b090892cb@f9941,0,0,unknown,,
textures/ui/equipment/item_slot.png,True,True,40,40,RGBA,True,1.82,True,d3f5c752-2563-4508-9781-e770f676e086@f9941,0,0,unknown,,
textures/ui/equipment/rarity_common.png,True,True,60,60,RGBA,True,4.57,True,e7fa9094-8c3e-4191-946f-05e5b917d469@f9941,0,0,unknown,,
textures/ui/equipment/rarity_legendary.png,True,True,60,60,RGBA,True,5.64,True,6fcdd679-e685-43d0-99f9-8199a76f1374@f9941,0,0,unknown,,
textures/ui/equipment/rarity_magic.png,True,True,60,60,RGBA,True,4.94,True,236517c3-697f-4a66-a3a4-f1c5dab4fd1d@f9941,0,0,unknown,,
textures/ui/equipment/rarity_rare.png,True,True,60,60,RGBA,True,5.08,True,ae6ddcff-948e-4657-ae10-cb760943772a@f9941,0,0,unknown,,
textures/ui/equipment/set_counter_bg.png,True,True,200,120,RGBA,True,19.88,True,18f600d0-79db-4cb4-b2ce-905becd19d93@f9941,0,0,unknown,,
textures/ui/hud/hud_cdmask.png,True,True,128,128,RGBA,True,18.31,True,6121dbc1-6747-48c2-b294-8978f8d77a3d@f9941,0,0,unknown,,
textures/ui/hud/hud_hpbar_bg.png,True,True,200,20,RGBA,True,3.08,True,f5b332c1-029c-4f0c-a5cc-4dc55630b5ec@f9941,0,0,unknown,,
textures/ui/hud/hud_hpbar_fill.png,True,True,200,20,RGBA,True,3.07,True,33b25699-4569-41be-8d99-aac5f9a4dc59@f9941,0,0,unknown,,
textures/ui/hud/hud_hpbar_frame.png,True,True,200,20,RGBA,True,3.31,True,af84fe29-0452-4b79-933f-05709d423fea@f9941,0,0,unknown,,
textures/ui/hud/hud_rollbtn.png,True,True,128,128,RGBA,True,18.33,True,4bd1fb2b-eb79-4a61-a6ec-5381e0b4b0a8@f9941,0,0,unknown,,
textures/ui/hud/hud_skillslot.png,True,True,128,128,RGBA,True,16.93,True,47835452-8186-4adc-826a-3557cd4b06dd@f9941,0,0,unknown,,
textures/ui/hud/joystick_base.png,True,True,120,120,RGBA,True,8.08,True,5ad4eb7c-c221-4c44-a4d2-a5af4e5291e6@f9941,0,0,unknown,,
textures/ui/hud/joystick_dot.png,True,True,128,128,RGBA,True,17.89,True,586294e3-c6f5-459f-9f61-1a7b50a77715@f9941,0,0,unknown,,
textures/ui/main/main_bg.png,True,True,750,1334,RGBA,True,310.35,True,48eda6bd-4578-4087-ab48-0c21198c22f0@f9941,0,0,unknown,missing_atlas_group,
textures/ui/main/main_titledeco.png,True,True,600,200,RGBA,True,81.77,True,39bbde0e-c2d1-4e56-ac04-9bff3be901e9@f9941,0,0,unknown,missing_atlas_group,
textures/ui/map/icon_room_boss.png,True,True,20,20,RGBA,True,0.79,True,b59e8e7e-58d6-4153-9eca-4702a139ba01@f9941,0,0,unknown,,
textures/ui/map/icon_room_combat.png,True,True,20,20,RGBA,True,0.78,True,f8282a27-af3d-415a-81f2-6bddd4a2d2b3@f9941,0,0,unknown,,
textures/ui/map/icon_room_event.png,True,True,20,20,RGBA,True,0.79,True,b70dca1e-1278-4589-a936-8630b5429b9a@f9941,0,0,unknown,,
textures/ui/map/icon_room_healing.png,True,True,20,20,RGBA,True,0.86,True,40a83e20-6834-4900-9bdc-0c9d5f110c29@f9941,0,0,unknown,,
textures/ui/map/icon_room_shop.png,True,True,20,20,RGBA,True,0.86,True,7ffaddc1-3bc0-4d39-8edd-e2e477c96a90@f9941,0,0,unknown,,
textures/ui/map/icon_room_treasure.png,True,True,20,20,RGBA,True,0.75,True,d00e3c6a-7e35-4b27-b458-05800767e4b6@f9941,0,0,unknown,,
textures/ui/map/icon_room_upgrade.png,True,True,20,20,RGBA,True,0.85,True,385e8d0b-cb5a-45e8-92e1-337f1def7393@f9941,0,0,unknown,,
textures/ui/map/map_line.png,True,True,2,16,RGBA,True,0.17,True,f7c15007-c4ba-49fa-9ba5-1fc2e005e2d8@f9941,0,0,unknown,,
textures/ui/map/map_node_current.png,True,True,32,32,RGBA,True,1.62,True,b1a0b282-638a-4d57-98e6-02fe2bad1797@f9941,0,0,unknown,,
textures/ui/map/map_node_unknown.png,True,True,32,32,RGBA,True,1.58,True,57934b9c-2998-4440-9487-018c44fa9262@f9941,0,0,unknown,,
textures/ui/map/map_node_visited.png,True,True,32,32,RGBA,True,1.92,True,2817ae8f-0202-4ba1-b0e0-9f96821b988b@f9941,0,0,unknown,,
textures/ui/shop/icon_coin.png,True,True,24,24,RGBA,True,0.94,True,ea944ef6-cc58-48f9-a091-22cb6db893bf@f9941,0,0,unknown,,
textures/ui/shop/shop_bg.png,True,True,750,1334,RGBA,True,504.67,True,0a3b3b8b-6524-4474-9af1-56278483acb1@f9941,0,0,unknown,over_target_size:504.67KB>30.0KB;missing_atlas_group,
textures/ui/shop/shop_slot.png,True,True,160,180,RGBA,True,18.43,True,7ad46da0-91e0-4988-b3c0-deac0969b6bd@f9941,0,0,unknown,missing_atlas_group,
textures/ui/splash/splash_bg.png,True,True,1280,720,RGBA,True,392.68,True,68f610f9-0b5d-4e5e-8f76-d18117892e95@f9941,1,0,assets/scenes/splash.scene,over_target_size:392.68KB>184.0KB;missing_atlas_group,
textures/ui/splash/splash_logo.png,True,True,400,128,RGBA,True,33.46,True,99fe3345-d55b-4153-bdb9-a711b31162da@f9941,0,0,unknown,over_target_size:33.46KB>25.0KB;missing_atlas_group,
textures/ui/upgrade/card_frame_common.png,True,True,160,220,RGBA,True,22.7,True,d6823e79-c7c2-434e-a4ae-cc51d2b4de63@f9941,0,0,unknown,,
textures/ui/upgrade/card_frame_epic.png,True,True,160,220,RGBA,True,23.71,True,53960987-dd11-41d6-95d4-f0c295183fb0@f9941,0,0,unknown,,
textures/ui/upgrade/card_frame_rare.png,True,True,160,220,RGBA,True,21.46,True,e23ef098-a4a6-4d1b-8deb-88ede1470408@f9941,0,0,unknown,,
textures/ui/upgrade/icon_ability_bullettime.png,True,True,256,256,RGBA,True,82.12,True,874ede89-cdea-4a91-a445-159bccabe144@f9941,0,0,unknown,,
textures/ui/upgrade/icon_ability_doublestrike.png,True,True,256,256,RGBA,True,75.07,True,07aa8411-622e-405e-a3ac-27548a8c7a7a@f9941,0,0,unknown,,
textures/ui/upgrade/icon_ability_elementresonance.png,True,True,256,256,RGBA,True,102.8,True,fbb54441-ce7b-402e-8896-a05817f8eae1@f9941,0,0,unknown,,
textures/ui/upgrade/icon_ability_firewalker.png,True,True,256,256,RGBA,True,89.06,True,07722652-346d-486a-8807-57e10d8f7f0f@f9941,0,0,unknown,,
textures/ui/upgrade/icon_ability_frostbite.png,True,True,256,256,RGBA,True,98.3,True,676ffe7a-ba9b-4d6e-bb77-f2dea3c9b621@f9941,0,0,unknown,,
textures/ui/upgrade/icon_ability_holyshield.png,True,True,256,256,RGBA,True,118.64,True,45038be5-c202-4560-abc7-e81c0fc4bdf7@f9941,0,0,unknown,,
textures/ui/upgrade/icon_ability_lifestealaura.png,True,True,256,256,RGBA,True,62.55,True,c38cbadd-7040-4f49-9e3b-bf6bcde300c8@f9941,0,0,unknown,,
textures/ui/upgrade/icon_ability_phasewalk.png,True,True,256,256,RGBA,True,85.02,True,f1e20dfa-c6ee-4968-b863-3035fc2e3f56@f9941,0,0,unknown,,
textures/ui/upgrade/icon_ability_ricochet.png,True,True,256,256,RGBA,True,79.87,True,5d017b2e-83be-44c7-a578-a4ada96c7102@f9941,0,0,unknown,,
textures/ui/upgrade/icon_ability_shieldreflect.png,True,True,256,256,RGBA,True,74.7,True,48601712-9695-4b8e-916f-3dec30af94bf@f9941,0,0,unknown,,
textures/ui/upgrade/icon_ability_sprint.png,True,True,256,256,RGBA,True,87.13,True,9629b3b0-f7a8-4aed-a09b-135f54bc3b35@f9941,0,0,unknown,,
textures/ui/upgrade/icon_ability_warcry.png,True,True,256,256,RGBA,True,110.34,True,14c3d42e-629b-40a6-9e1a-47a67390d0a1@f9941,0,0,unknown,,
textures/ui/upgrade/icon_relic_blinkstone.png,True,True,256,256,RGBA,True,82.83,True,c0d4b0b4-7ffb-44f6-b67a-4829b6fc3f86@f9941,0,0,unknown,,
textures/ui/upgrade/icon_relic_decoyscroll.png,True,True,256,256,RGBA,True,109.62,True,03d8c504-c308-4a5a-8713-11b4fc01b09a@f9941,0,0,unknown,,
textures/ui/upgrade/icon_relic_echoorb.png,True,True,256,256,RGBA,True,98.86,True,e08a68b3-b882-40dd-9b81-d4afa9484750@f9941,0,0,unknown,,
textures/ui/upgrade/icon_relic_flamering.png,True,True,256,256,RGBA,True,110.75,True,1f357c94-748e-4142-a63a-d4f841081058@f9941,0,0,unknown,,
textures/ui/upgrade/icon_relic_frenzyaxe.png,True,True,256,256,RGBA,True,79.51,True,8bc67b55-f4eb-4af6-be15-8adc82940ee3@f9941,0,0,unknown,,
textures/ui/upgrade/icon_relic_frostamulet.png,True,True,256,256,RGBA,True,121.48,True,60475473-65ca-4820-9176-61a01bc160d5@f9941,0,0,unknown,,
textures/ui/upgrade/icon_relic_gravitystone.png,True,True,256,256,RGBA,True,94.47,True,59c80de4-7e2a-47be-a333-e4c9ab204a0f@f9941,0,0,unknown,,
textures/ui/upgrade/icon_relic_immortalstone.png,True,True,256,256,RGBA,True,94.43,True,f581920d-f140-43a5-a543-9ef28fed5419@f9941,0,0,unknown,,
textures/ui/upgrade/icon_relic_ironarmor.png,True,True,256,256,RGBA,True,101.47,True,6d719bbb-e17a-437c-9741-5dad89d19fe2@f9941,0,0,unknown,,
textures/ui/upgrade/icon_relic_lifelink.png,True,True,256,256,RGBA,True,67.82,True,7a2f9631-17c1-42fb-8a8c-8ea1240c61e7@f9941,0,0,unknown,,
textures/ui/upgrade/icon_relic_luckycoin.png,True,True,256,256,RGBA,True,66.64,True,c04cdd9a-d9d2-4819-a99a-cba4607ef6e3@f9941,0,0,unknown,,
textures/ui/upgrade/icon_relic_shadowcloak.png,True,True,256,256,RGBA,True,83.22,True,30491dfa-390c-40ca-9f0e-761db01e9d11@f9941,0,0,unknown,,
textures/ui/upgrade/icon_relic_shadowdagger.png,True,True,256,256,RGBA,True,63.26,True,dcfebca3-03c8-4f08-a79f-fc3dd6301594@f9941,0,0,unknown,,
textures/ui/upgrade/icon_relic_speedgauntlet.png,True,True,256,256,RGBA,True,131.18,True,bf113417-4976-4c83-b9e7-3dba1d86f580@f9941,0,0,unknown,,
textures/ui/upgrade/icon_relic_thornarmor.png,True,True,256,256,RGBA,True,113.87,True,5f3a39c5-f4ce-43f6-9aca-5dd2f6ac3977@f9941,0,0,unknown,,
textures/ui/upgrade/icon_relic_timehourglass.png,True,True,256,256,RGBA,True,108.47,True,1c90738c-6ed4-4684-b5a0-08a40461d8d0@f9941,0,0,unknown,,
textures/ui/upgrade/icon_upgrade_agileboots.png,True,True,256,256,RGBA,True,90.92,True,fd0e36d3-6398-4863-b38b-cf7284e1c4cd@f9941,0,0,unknown,,
textures/ui/upgrade/icon_upgrade_berserkerpact.png,True,True,256,256,RGBA,True,116.41,True,0ae7c491-02e2-4f1b-87db-f3671bd630ce@f9941,0,0,unknown,,
textures/ui/upgrade/icon_upgrade_greedring.png,True,True,256,256,RGBA,True,95.99,True,7d1be67b-07d7-4441-85c5-cb8a0b626208@f9941,0,0,unknown,,
textures/ui/upgrade/icon_upgrade_ironwall.png,True,True,256,256,RGBA,True,101.36,True,26988dc5-d6d1-433c-80f1-6f08bf1a62f5@f9941,0,0,unknown,,
textures/ui/upgrade/icon_upgrade_lifecharm.png,True,True,256,256,RGBA,True,86.34,True,df46ed4b-f9b8-4dce-a4d6-2d3659828415@f9941,0,0,unknown,,
textures/ui/upgrade/icon_upgrade_longarm.png,True,True,256,256,RGBA,True,69.99,True,1e26aa28-5a8f-4aed-bb04-0acda5997b3f@f9941,0,0,unknown,,
textures/ui/upgrade/icon_upgrade_windstep.png,True,True,256,256,RGBA,True,86.78,True,bdeda61a-0e4b-4c7c-99ca-6151c31bb1c9@f9941,0,0,unknown,,
